Alloys,Class,Phase
Mg1Th1,0,Non-SP-SS
Be1Mg1,0,Non-SP-SS
Be1Th1,0,Non-SP-SS
Mg1Ni1,0,Non-SP-SS
Pd0.4U0.6,0,Non-SP-SS
Fe1U1,0,Non-SP-SS
Mg1Cu1,0,Non-SP-SS
Fe1Mg1,0,Non-SP-SS
Fe1Th1,0,Non-SP-SS
Cr1Mg1,0,Non-SP-SS
Rh1U1,0,Non-SP-SS
Mg1V1,0,Non-SP-SS
Os1U1,0,Non-SP-SS
Os1Th1,0,Non-SP-SS
Re1U1,0,Non-SP-SS
Mg1Zn1,0,Non-SP-SS
Mg54Cu26.5Ag8.5Gd11,0,Non-SP-SS
Mg1Nb1,0,Non-SP-SS
Ta1Th1,0,Non-SP-SS
Be0.4Co0.6,0,Non-SP-SS
Be1Fe1,0,Non-SP-SS
Be0.48Cu0.52,0,Non-SP-SS
Be1Cr1,0,Non-SP-SS
Be1Ru1,0,Non-SP-SS
As1Th1,0,Non-SP-SS
Hf1Th1,0,Non-SP-SS
Al0.5B1Co1Cr1Cu1Fe1Ni1,0,Non-SP-SS
Co1Cu0.097Fe1Ni1Ti0.097,0,Non-SP-SS
Co0.56Cr0.44,0,Non-SP-SS
Al0.5B0.6Co1Cr1Cu1Fe1Ni1,0,Non-SP-SS
Co1Cu1Fe1Ni1Sn0.04,0,Non-SP-SS
Cr0.56Ni0.44,0,Non-SP-SS
Co1Cu0.165Fe1Ni1Ti0.165,0,Non-SP-SS
Co1Cr2Fe1Ni1,0,Non-SP-SS
Co1Cr1Fe1Nb0.103Ni1,0,Non-SP-SS
Al1C1.5Co1Cr1Fe1Ni1,0,Non-SP-SS
Cr1Cu0.7Fe1Ni1,0,Non-SP-SS
Co1Cu1Fe1Ni1Sn0.07,0,Non-SP-SS
Co1Cr1Cu2Fe1Mn1Ni1,0,Non-SP-SS
Al1Cu0.2Li0.5Mg1Zn0.5,0,Non-SP-SS
Co1Cr1Fe1Nb0.155Ni1,0,Non-SP-SS
Cr1Cu1Fe0.5Mn0.5Ni1,0,Non-SP-SS
Cr2Cu2Fe2Mn1Ni2,0,Non-SP-SS
Co0.5Cr1Fe1Mn1.5Ni1,0,Non-SP-SS
Co1Cu0.25Fe1Ni1Ti0.25,0,Non-SP-SS
Al0.25Cr1Cu1Fe1Ni2,0,Non-SP-SS
Cr2Cu2Fe1Mn2Ni2,0,Non-SP-SS
Co1Cu1Fe1Ni1Sn0.1,0,Non-SP-SS
Cr1Cu1Fe1Mn1Ni1,0,Non-SP-SS
Al0.25Co1Cr1Cu0.75Fe1Ni1,0,Non-SP-SS
Co1Cr1Fe1Nb0.206Ni1,0,Non-SP-SS
Co1Cr1Cu1Fe1Mn1,0,Non-SP-SS
Co1Cu1Fe1Mn1Ni1Sn0.08,0,Non-SP-SS
Be1Mo1,0,Non-SP-SS
Al17Co83Cr83Fe83Mn83Ni83,0,Non-SP-SS
Cu1Fe1,0,Non-SP-SS
Co1Cr1Fe1Mn1Ni1V0.5,0,Non-SP-SS
Al8Co17Cr17Cu8Fe17Ni33,0,Non-SP-SS
Fe1Co1Ni1Cr1Cu1Al0.3,0,Non-SP-SS
Cr2Cu1Fe2Mn1Ni1,0,Non-SP-SS
Al0.5B0.2Co1Cr1Cu1Fe1Ni1,0,Non-SP-SS
Cr1Cu2Fe2Ni1Mn2,0,Non-SP-SS
Cr1Fe2Mn1.25Ni0.75,0,Non-SP-SS
Co1Cr1Fe1Nb0.25Ni1,0,Non-SP-SS
Co1Cu1Fe1Mn1Ni1Sn0.1,0,Non-SP-SS
Al0.348Co1Cr1Fe1Ni1,0,Non-SP-SS
Cr2Cu2Fe1Ni1Mn2,0,Non-SP-SS
Cr1Fe1.5Mn1Ni0.5,0,Non-SP-SS
Al0.3Co1Cr2Fe1Ni1,0,Non-SP-SS
Al22Co78Cr78Fe78Mn78Ni78,0,Non-SP-SS
Co1Cr1Fe5Mn3,0,Non-SP-SS
Al1C1Co1Cr1Fe1Ni1,0,Non-SP-SS
Co1Cr1Fe1Mn1Ni1V0.75,0,Non-SP-SS
Al22Co71Cr71Fe71Mn71Ni71,0,Non-SP-SS
Al0.4Co1Cu0.4Fe1Ga0.02Ni1,0,Non-SP-SS
Cr1Fe1Ni2V0.5W0.25,0,Non-SP-SS
Al0.1Cr1Fe2Mn1.25Ni0.75,0,Non-SP-SS
Co1Cr1Fe1Nb0.309Ni1,0,Non-SP-SS
Co1Cr1Fe1Ni1V1,0,Non-SP-SS
Co2Cr1Mo0.5Ni2W0.5,0,Non-SP-SS
Co2Cr0.5Ni2V1W0.5,0,Non-SP-SS
Al0.4Co1Cu0.4Fe1Ga0.04Ni1,0,Non-SP-SS
Al0.45Co1Cr1Cu1Fe1Ni1,0,Non-SP-SS
Co1Fe1Mn1Ni1V1,0,Non-SP-SS
Cr1Cu1,0,Non-SP-SS
Al0.45Co1Cr1Fe1Ni1,0,Non-SP-SS
Al0.4Co1Cu0.4Fe1Ga0.06Ni1,0,Non-SP-SS
Al0.5Co1Cr1Cu0.5Fe1Ni1,0,Non-SP-SS
Co1Cr1Mn1Ni1V1,0,Non-SP-SS
Al0.5Co1Fe1Ni1,0,Non-SP-SS
Co27.5Cr17.5Fe20Mo15Ni20,0,Non-SP-SS
Al1Co1Cr1Cu0.5Fe1Ni3,0,Non-SP-SS
Fe41Co7Cr15Mo14C15B6Y2,0,Non-SP-SS
Al0.4Co1Cu0.4Fe1Ga0.08Ni1,0,Non-SP-SS
Al0.12Co1Cr1Fe1Mo0.5Ni1,0,Non-SP-SS
Al1Co1Cu50Ni1Ti1Zn1,0,Non-SP-SS
Al32Co68Cr68Fe68Mn68Ni68,0,Non-SP-SS
Al10Co21Cr18Fe36Ni15,0,Non-SP-SS
Al0.3Cr1Cu1Fe1Mn1Ni1,0,Non-SP-SS
Al1Co3Cr1Cu0.5Fe1Ni1,0,Non-SP-SS
Al0.5Co1Cr1Cu1Fe1Ni1V0.2,0,Non-SP-SS
Co1Cr1Fe1Nb0.412Ni1,0,Non-SP-SS
Al0.55Co1Cr1Fe1Ni1,0,Non-SP-SS
Co1Cr1Cu1Fe1Ni1Ti0.5,0,Non-SP-SS
Al1Cu0.5Li0.5Mg1Sn0.2,0,Non-SP-SS
Al1Co1Cr1Cu0.5Fe1Ni2.5,0,Non-SP-SS
Al0.5Co1Cr1Cu1Fe1Ni1Ti0.12,0,Non-SP-SS
Al0.56Co1Cr1Fe1Mn1Ni1,0,Non-SP-SS
Al0.5Co1Cr1Cu1Fe1Ni1V0.4,0,Non-SP-SS
Cr1Fe1Ni2V0.5W0.5,0,Non-SP-SS
Al0.32Cr1Fe2Mn1.25Ni0.75,0,Non-SP-SS
Co1Cu9Fe1Ni1Ti1,0,Non-SP-SS
Al0.7Cr1Fe1Ni2.3,0,Non-SP-SS
Co1Cu1Fe1Ni1Sn0.2,0,Non-SP-SS
Al0.6Co1Cr1Fe1Ni1,0,Non-SP-SS
Al0.61Co1Cr1Fe1Ni1,0,Non-SP-SS
Co1Cu1Fe1Mn1Ni1Sn0.2,0,Non-SP-SS
Al38Co62Cr62Fe62Mn62Ni62,0,Non-SP-SS
Al1C0.5Co1Cr1Fe1Ni1,0,Non-SP-SS
Al0.62Co1Cr1Fe1Mn1Ni1,0,Non-SP-SS
Co1Cr1Fe1Mo0.85Ni1,0,Non-SP-SS
Al0.5Co1Cr1Cu1Fe1Ni1V0.6,0,Non-SP-SS
Al0.5Co1Cr1Cu1Fe1Ni1V0.62,0,Non-SP-SS
Al0.7Co1Cu0.7Fe1Ni1,0,Non-SP-SS
Cr1Fe1Ni1V0.5W0.25,0,Non-SP-SS
Al1Co2Cu1Fe1Ni1,0,Non-SP-SS
Al1Co1Cr1Cu0.5Fe1Ni2,0,Non-SP-SS
Al40Co60Cr60Fe60Mn60Ni60,0,Non-SP-SS
Al0.3Cr1Fe1.5Ni0.5,0,Non-SP-SS
Al0.3Cr1Fe1.5Mn1Ni0.5,0,Non-SP-SS
Al0.68Co1Cr1Fe1Mn1Ni1,0,Non-SP-SS
Al0.5Cr1Cu1Fe1Mn1Ni1,0,Non-SP-SS
Al1Co2Cr1Cu0.5Fe1Ni1,0,Non-SP-SS
Al0.5Co1Cr1Cu1Fe1Ni1V0.75,0,Non-SP-SS
Al0.31Co1Cr1Fe1Mo0.5Ni1,0,Non-SP-SS
Al1C0.4Co1Cr1Fe1Ni1,0,Non-SP-SS
Al0.5Co1Cr1Cu1Fe1Ni1V0.79,0,Non-SP-SS
Al0.5Co1Cr1Cu1Fe1Ni1V0.8,0,Non-SP-SS
Co2Mo0.5Ni2V1W0.5,0,Non-SP-SS
Co1.5Cr1Fe1Ni1.5Ti0.5Mo0.5,0,Non-SP-SS
Al0.7Co1Cr1Fe1Ni1,0,Non-SP-SS
Al0.8Co1Cr1Cu1Fe1Ni1,0,Non-SP-SS
Al0.8Cr1Fe1Ni2.2,0,Non-SP-SS
Al0.75Co1Cr1Cu0.25Fe1Ni1,0,Non-SP-SS
Al1Fe1Mg1Ti1Zn1,0,Non-SP-SS
Al0.75Co1Cr1Fe1Mn1Ni1,0,Non-SP-SS
Al0.5Co1Cr1Fe1Mn1Ni1Zr0.1,0,Non-SP-SS
Al43Co57Cr57Fe57Mn57Ni57,0,Non-SP-SS
Al0.4Co1Cr1Fe1Mn1Ni1V1,0,Non-SP-SS
Al0.5Co1Cr1Cu1Fe1Ni1V0.98,0,Non-SP-SS
Co1Cr1Fe1Mo1Ni1,0,Non-SP-SS
Al0.5Co1Cr1Cu1Fe1Ni1V1,0,Non-SP-SS
Al0.75Co1Cr1Fe1Ni1,0,Non-SP-SS
Al0.8Co1Cu0.8Fe1Ni1,0,Non-SP-SS
Al1C0.3Co1Cr1Fe1Ni1,0,Non-SP-SS
Co0.5Cr1Fe1Ni1Ti0.5,0,Non-SP-SS
Al0.9Cr1Cu1Fe1Ni2,0,Non-SP-SS
Co1Fe1Mn1Mo1Ni1,0,Non-SP-SS
Al10Cr18Fe36Mn21Ni15,0,Non-SP-SS
Cr1Fe1Ni2V0.5W0.75,0,Non-SP-SS
Al0.5Co1Cr1Cu1Fe1Ni1Ti0.32,0,Non-SP-SS
Al1Co1.5Cu1Fe1Ni1,0,Non-SP-SS
Al0.25Co1Cr1Cu0.75Fe1Ni1Ti0.5,0,Non-SP-SS
Al1Co1Cr1Cu0.5Fe1Ni1.5,0,Non-SP-SS
Al0.81Co1Cr1Fe1Mn1Ni1,0,Non-SP-SS
Al1Co1.5Cr1Cu0.5Fe1Ni1,0,Non-SP-SS
Co1Cr1Fe1Mo0.5Ni1W0.5,0,Non-SP-SS
Al0.56Cr1Fe2Mn1.25Ni0.75,0,Non-SP-SS
Al0.75Co1Fe1Ni1,0,Non-SP-SS
Al0.5Co1Cr1Cu1Fe1Ni1V1.2,0,Non-SP-SS
Al0.8Co1Cr1Fe1Ni1,0,Non-SP-SS
Al0.4Cr1Fe1.5Ni0.5,0,Non-SP-SS
Al1Co1Cr1Cu0.5Fe2Ni1,0,Non-SP-SS
Al1C0.2Co1Cr1Fe1Ni1,0,Non-SP-SS
Co1Cr1Fe1Ni1W1,0,Non-SP-SS
Al1Co1Cr1Cu1Fe1Mn1Ni1,0,Non-SP-SS
Al1Be1,0,Non-SP-SS
Al0.9Co1Cu0.9Fe1Ni1,0,Non-SP-SS
Al0.9Cr1Fe1Ni2.1,0,Non-SP-SS
Al0.88Co1Cr1Fe1Mn1Ni1,0,Non-SP-SS
Fe1Ni2Cr1Cu1Al1,0,Non-SP-SS
Al1Cr1Fe2Ni2,0,Non-SP-SS
Al0.5Co1Cr1Cu1Fe1Ni1V1.4,0,Non-SP-SS
Al0.85Co1Cr1Fe1Ni1,0,Non-SP-SS
Co1Cr1Cu1Fe1Ni1Ti0.8,0,Non-SP-SS
Al0.43Co1Cr0.29Ni1Si0.14,0,Non-SP-SS
Al0.49Co1Cr1Fe1Mo0.5Ni1,0,Non-SP-SS
Al0.5Co1Cr1Cu1Fe1Ni1Ti0.4,0,Non-SP-SS
Al1Co1Cr1Cu0.5Fe1.5Ni1,0,Non-SP-SS
Al1Co1Cr2Cu0.5Fe1Ni1,0,Non-SP-SS
Co1.5Cr1Fe1Mo0.8Ni1.5Ti0.5,0,Non-SP-SS
Al0.875Co1Cr1Fe1Ni1,0,Non-SP-SS
Al1Co1Cr1Cu1Fe2Mo0.2Ni1,0,Non-SP-SS
Al0.8Cr1Cu1.5Fe1Mn1Ni1,0,Non-SP-SS
Al0.8Cr1Cu1Fe1.5Mn1Ni1,0,Non-SP-SS
Co1Fe1Nb0.75Ni2V0.5,0,Non-SP-SS
Co1Cu3Fe1Ni1Ti1,0,Non-SP-SS
Co1Cu1Fe1Mn1Ni1Sn0.05W1,0,Non-SP-SS
Al1Co1Cr0.5Cu1Fe1Ni1,0,Non-SP-SS
Al12Co20Cr17Fe35Ni12Ti4,0,Non-SP-SS
Al0.5Co1Cr1Cu1Fe1Ni1V1.6,0,Non-SP-SS
Co1.5Cr1Fe1Ni1.5Ti1,0,Non-SP-SS
Al0.95Co1Cr1Fe1Mn1Ni1,0,Non-SP-SS
Al1C0.1Co1Cr1Fe1Ni1,0,Non-SP-SS
Al0.8Cr1Cu1Fe1Mn1.5Ni1,0,Non-SP-SS
Al1Co1.5Cr2Fe1.5Mn2Ni1V1,0,Non-SP-SS
Al0.3Co1Fe1Ni1Si0.3,0,Non-SP-SS
Cr1Fe1Ni1V0.5W0.5,0,Non-SP-SS
Al1Co1Cr1Cu1Fe0.5Ni1,0,Non-SP-SS
Al1Co1Cu1Fe1Ni1,0,Non-SP-SS
Al1Co3Cr1Fe1Ni1Ti0.5,0,Non-SP-SS
Al0.8Cr1Cu1Fe1Mn1Ni1,0,Non-SP-SS
Al0.5Co1Cr1Cu1Fe1Ni1V1.8,0,Non-SP-SS
Al50Co50Cr50Fe50Mn50Ni50,0,Non-SP-SS
Al0.95Co1Cr1Fe1Ni1,0,Non-SP-SS
Al0.5Co1Cr1Fe1Mn1Ni1Zr0.2,0,Non-SP-SS
Al1Co1Cr0.5Cu0.5Fe1Ni1,0,Non-SP-SS
Cr1Fe1Ni2V0.5W1,0,Non-SP-SS
Al14.1Cr6Fe28.2Mn32.9Ni18.8,0,Non-SP-SS
Al1Cr1Fe1Ni2,0,Non-SP-SS
Al0.3Cr1Fe1Ni1V1,0,Non-SP-SS
Al0.5Co1Cr1Cu1Fe1Ni1V2,0,Non-SP-SS
Al0.985Co1Cr1Fe1Ni1,0,Non-SP-SS
Al1Co1Cr1Cu1Fe1Mo0.2Ni1,0,Non-SP-SS
Al1Co1Cr1Fe1Mo0.5Ni2,0,Non-SP-SS
Al1Co1Cr1Cu1Fe1Ni1V0.5,0,Non-SP-SS
Al1Co1Cr1Cu0.5Fe0.5Ni1,0,Non-SP-SS
Al1Co2Cr1Fe1Mo0.5Ni1,0,Non-SP-SS
Co1Fe1Ni1Si0.5,0,Non-SP-SS
Al1.2Cr1Cu1Fe1Ni2,0,Non-SP-SS
Fe1Ni2Cr1Cu1Al1.2,0,Non-SP-SS
Al1Co1Cu0.5Fe1Ni1,0,Non-SP-SS
Al0.81Cr1Fe2Mn1.25Ni0.75,0,Non-SP-SS
Al1Co0.5Cr1Cu1Fe1Ni1,0,Non-SP-SS
Al1Co1Cr1Cu1Fe1Ni0.5,0,Non-SP-SS
Al1Co1Fe1Mn1Ni1,0,Non-SP-SS
Sc1U1,0,Non-SP-SS
Al1.2Co1Cr1Cu1Fe1Ni1,0,Non-SP-SS
Al0.5Co1Cr1Cu0.5Fe1Ni1Ti0.5,0,Non-SP-SS
Al1Cr1Cu1Fe1Ni1.4,0,Non-SP-SS
Al1Co1Cu0.33Fe1Ni1,0,Non-SP-SS
Ag1Co1Cr1Fe1Mn1Ni1,0,Non-SP-SS
Al0.5Co1Cr1Cu1Fe1Ni1Ti0.59,0,Non-SP-SS
Al0.2Co1.5Cr1Fe1Ni1.5Ti1,0,Non-SP-SS
Co1Cr1Cu1Fe1Ni1Ti1,0,Non-SP-SS
Al0.5Co1Cr1Cu1Fe1Ni1Ti0.6,0,Non-SP-SS
Al1Co1Cr1Cu1Fe1Ni1V0.8,0,Non-SP-SS
Al1.2Co1Cu1.2Fe1Ni1,0,Non-SP-SS
Al1.3Cr1Cu1Fe1Ni2,0,Non-SP-SS
Co1.5Cr1Fe1Ni1.5Ti0.5Mo1.2,0,Non-SP-SS
Al1Co0.5Cr1Cu0.5Fe1Ni1,0,Non-SP-SS
Co1Ni1Fe1Cr1Al0.6Ti0.4,0,Non-SP-SS
Al1.1Co1Cr1Fe1Ni1,0,Non-SP-SS
Al1Co1Cr1Cu1Fe1Mo0.4Ni1,0,Non-SP-SS
Al1Cr1Cu1Fe1Mn1Ni1,0,Non-SP-SS
Al1.3Co1Cr1Cu1Fe1Ni1,0,Non-SP-SS
Al1Co1Cr1Cu0.5Fe1Ni0.5,0,Non-SP-SS
Al1Co1Cr1Cu1Fe1Ni1V1,0,Non-SP-SS
Al1Cr1Cu1Fe1Ni1.2,0,Non-SP-SS
Al1Co1Cu1Ni1,0,Non-SP-SS
Al1Co1Fe1Ni1,0,Non-SP-SS
Al1Co0.5Cu1Fe1Ni1,0,Non-SP-SS
Al0.5Co1Cr1Fe1Ni1Ti0.5,0,Non-SP-SS
Ag1Be1,0,Non-SP-SS
Al1Co1Cr1Fe1Mo0.2Ni1,0,Non-SP-SS
Al1Co1Cr1Fe1Mo0.5Ni1.5,0,Non-SP-SS
Al1.25Co1Cr1Fe1Mn1Ni1,0,Non-SP-SS
Al0.75Cr1Fe1Ni1,0,Non-SP-SS
Ti1Cr1Fe1Mn1Co1Ni1,0,Non-SP-SS
Al1Co1Cr1Fe2Mo0.5Ni1,0,Non-SP-SS
Al1Co1.5Cr1Fe1Mo0.5Ni1,0,Non-SP-SS
Al1Li0.5Mg1Sn0.2Zn0.5,0,Non-SP-SS
Al1.17Co1Cr1Fe1Ni1,0,Non-SP-SS
Cr1Fe1Ni1V0.5W0.75,0,Non-SP-SS
Al1Co1.457Cr1Fe1Mo0.5Ni1,0,Non-SP-SS
Co1Cu1Fe1Ni1Ti1,0,Non-SP-SS
Al1Co1Cr1Fe1.89Mo0.5Ni1,0,Non-SP-SS
Al12Cr17Fe35Mn20Ni12Ti4,0,Non-SP-SS
Al0.5Co1Cr1Fe1Mn1Ni1Zr0.3,0,Non-SP-SS
Al1.2Co1Cr1Fe1Ni1,0,Non-SP-SS
Al1Cr1Cu1Fe1Ni1,0,Non-SP-SS
Al0.5Cr1Fe1Ni1V1,0,Non-SP-SS
Al1Co2Cr1Fe1Ni1Ti0.5,0,Non-SP-SS
Al1Co1Cr1Ni1,0,Non-SP-SS
Co1Cr1Cu1Fe1Mn1Ni1Ti1V1,0,Non-SP-SS
Al1Co1Cr1Fe1Mo0.3Ni1,0,Non-SP-SS
Al1Co1Cr1Cu1Fe1Mo0.6Ni1,0,Non-SP-SS
Al1Co1Cr2Fe1Mo0.5Ni1,0,Non-SP-SS
Al1Co1Cr1Cu1Fe1,0,Non-SP-SS
Al1Co1Cr1Fe1.59Mo0.5Ni1,0,Non-SP-SS
Al1Co1.3Cr1Fe1Mo0.5Ni1,0,Non-SP-SS
Al1Co1Cr1.87Fe1Mo0.5Ni1,0,Non-SP-SS
Al1Co1.287Cr1Fe1Mo0.5Ni1,0,Non-SP-SS
Al1Co1Cr1.79Fe1Mo0.5Ni1,0,Non-SP-SS
Al1Co1Cr1Fe1.5Mo0.5Ni1,0,Non-SP-SS
Al0.6Co1Fe1Ni1Ti0.4,0,Non-SP-SS
Al1.25Co1Cr1Fe1Ni1,0,Non-SP-SS
Al1.5Cr1Cu1Fe1Ni2,0,Non-SP-SS
Al1Co1Cr1.67Fe1Mo0.5Ni1,0,Non-SP-SS
Co1.5Cr1Fe1Ni1.5Ti0.5Mo1.5,0,Non-SP-SS
Al1Co0.2Cu1Fe1Ni1,0,Non-SP-SS
Al1.5Co1Cr1Cu1Fe1Ni1,0,Non-SP-SS
Al0.5Co1Cr1Cu1Fe1Ni1Ti0.8,0,Non-SP-SS
Al1Co1Cr1Fe1.35Mo0.5Ni1,0,Non-SP-SS
Al1Co1Cr1Fe1Mo1Ni1.95,0,Non-SP-SS
Al1Co1Cr1.5Fe1Mo0.5Ni1,0,Non-SP-SS
Al1Co1Cr1Fe1Mo0.4Ni1,0,Non-SP-SS
Al1.4Co0.9Cr1.4Cu0.5Fe0.9Ni1,0,Non-SP-SS
Al23Co15Cr23Cu8Fe15Ni16,0,Non-SP-SS
Al0.125Co1Cr1Cu1Fe1Mn1Ni1Ti1V1,0,Non-SP-SS
Al1Cr1Cu1Fe1Ni0.8,0,Non-SP-SS
Al1Co1Cr1.35Fe1Mo0.5Ni1,0,Non-SP-SS
Al1Co1Cu8.33Ni1Ti1Zn1,0,Non-SP-SS
Al0.75Co1Cr1Cu0.25Fe1Ni1Ti0.5,0,Non-SP-SS
Al1.32Co1Cr1Fe1Ni1,0,Non-SP-SS
Al1Cr1Cu0.5Fe1Ni1,0,Non-SP-SS
Al1Co1Cr1Fe1.125Mo0.5Ni1,0,Non-SP-SS
Al1Co1Cr1Cu1Fe1Mo0.8Ni1,0,Non-SP-SS
Al1Co1Cr1Fe1Nb0.25Ni1,0,Non-SP-SS
Al1Co1Cr1.1Fe1Mo0.5Ni1,0,Non-SP-SS
Al60Co40Cr40Fe40Mn40Ni40,0,Non-SP-SS
Al0.9Cr1Fe1Ni1,0,Non-SP-SS
Al1Co1Cr1Cu0.5Fe1,0,Non-SP-SS
Al1Co0.987Cr1Fe1Mo0.5Ni1,0,Non-SP-SS
Co1Cr1Fe1Nb1Ni1,0,Non-SP-SS
Al1Co1Cr1Fe1Mo1Ni1.72,0,Non-SP-SS
Al1Co1Cr1Fe1Mo0.52Ni1,0,Non-SP-SS
Al1.5Co1Cr1Cu0.5Fe1Ni1,0,Non-SP-SS
Al1Co1Cr0.89Fe1Mo0.5Ni1,0,Non-SP-SS
Al1Co0.95Cr1Fe1Mo0.5Ni1,0,Non-SP-SS
Al1Co2Cr1Fe1Mo0.5,0,Non-SP-SS
Al0.5Co1Cr1Ni1Ti0.5,0,Non-SP-SS
Al1Co1Cr1Fe0.867Mo0.5Ni1,0,Non-SP-SS
Co1Cr1Fe1Ni1Ta1,0,Non-SP-SS
Al1Co1.5Cr1Fe1Ni1Ti0.5,0,Non-SP-SS
Al1Co1Cr1Fe1Mo1Ni1.62,0,Non-SP-SS
Al1Cr1Cu1Fe1Ni0.6,0,Non-SP-SS
Cr1Fe1Ni1V0.5W1,0,Non-SP-SS
Co1.5Cr1Fe1Ni1.5Ti0.5Mo1.8,0,Non-SP-SS
Al0.8Co1Cr1Fe1Ni1Ti0.5,0,Non-SP-SS
Al1Co1Cr0.58Fe1Mo0.5Ni1,0,Non-SP-SS
Al1.7Co1Cr1Cu1Fe1Ni1,0,Non-SP-SS
Al1Co1Cr1Fe1Mo1Ni1.53,0,Non-SP-SS
Al1Co1Cr1Cu1Fe1Mo1Ni1,0,Non-SP-SS
Al0.8Co1Cr1Ni1Si0.2,0,Non-SP-SS
Al1Co1Cr0.5Fe1Mo0.5Ni1,0,Non-SP-SS
Al1.45Co1Cr1Fe1Ni1,0,Non-SP-SS
Co1Fe1Ni1Ti1,0,Non-SP-SS
Al1Co1Cr1Fe0.6Mo0.5Ni1,0,Non-SP-SS
Al1Co1Cr0.37Fe1Mo0.5Ni1,0,Non-SP-SS
Al1Co0.73Cr1Fe1Mo0.5Ni1,0,Non-SP-SS
Al0.5Co1Cr1Cu1Fe1Ni1Ti1,0,Non-SP-SS
Al1Cr1Fe1Ni1,0,Non-SP-SS
Al1Co1Cr1Cu0.5Fe1Ni1Ti0.5,0,Non-SP-SS
Al1.8Cr1Cu1Fe1Ni2,0,Non-SP-SS
Al1Co1Cr1Fe1Nb0.36Ni1,0,Non-SP-SS
Fe6Ni1Co1Si1Cr1Al1,0,Non-SP-SS
Al1.8Co1Cr1Cu1Fe1Ni1,0,Non-SP-SS
Al1Co1Cr0.16Fe1Mo0.5Ni1,0,Non-SP-SS
Al0.9Co1Cr1Fe1Ni1Ti0.5,0,Non-SP-SS
Al1Co1Cr1Fe1Mo0.78Ni1,0,Non-SP-SS
Al1.87Cr1Cu1Fe1Ni2,0,Non-SP-SS
Al1Co1Cr1Cu0.25Fe1Ni1Ti0.5,0,Non-SP-SS
Al1.21Co1Cr1Fe1Mo0.5Ni1,0,Non-SP-SS
Al1Co0.58Cr1Fe1Mo0.5Ni1,0,Non-SP-SS
Al1Co1Fe1Mo0.5Ni1,0,Non-SP-SS
Al1.58Co1Cr1Fe1Ni1,0,Non-SP-SS
Al1Co1Cr1Fe1Mo0.84Ni1,0,Non-SP-SS
Al1Co0.53Cr1Fe1Mo0.5Ni1,0,Non-SP-SS
Cr1Fe1Mn1Ni1Ti1,0,Non-SP-SS
Al1Co0.5Cr1Fe1Mo0.5Ni1,0,Non-SP-SS
Al1Co1Cr1Fe1Mo0.5Ni0.5,0,Non-SP-SS
Al1.1Cr1Fe1Ni1,0,Non-SP-SS
Al1Co1Cr1Fe1Ni1Ti0.5,0,Non-SP-SS
Al1Co1.5Cr1Fe1Mo0.5,0,Non-SP-SS
Al0.67Co1Cr1Cu1Fe1Mn1Ni1Ti1V1,0,Non-SP-SS
Al2Cr1Cu1Fe1Ni2,0,Non-SP-SS
Al1.31Co1Cr1Fe1Mo0.5Ni1,0,Non-SP-SS
Al1Cr1Fe1Mo0.19Ni1,0,Non-SP-SS
Fe1Co1Ni1Cr1Cu1Al2,0,Non-SP-SS
Al1.68Co1Cr1Fe1Ni1,0,Non-SP-SS
Al1Cr1Fe1Mo0.2Ni1,0,Non-SP-SS
Al1Cr1Fe1Ni0.75,0,Non-SP-SS
Al1Co1Cr1Fe1Nb0.5Ni1,0,Non-SP-SS
Co1Fe1Ni1Si0.75,0,Non-SP-SS
Al0.5Co1Cr1Cu1Fe1Ni1Ti1.2,0,Non-SP-SS
Al0.5Co1Cr1Cu1Fe1Ni1Si0.8,0,Non-SP-SS
Co1Cu7Fe1Ni1Ti3,0,Non-SP-SS
Al1Co0.29Cr1Fe1Mo0.5Ni1,0,Non-SP-SS
Al1.75Co1Cr1Fe1Ni1,0,Non-SP-SS
Al1Co1Cr1Fe1Mo1Ni0.89,0,Non-SP-SS
Al1.2Cr1Fe1Ni1,0,Non-SP-SS
Al1.78Co1Cr1Fe1Ni1,0,Non-SP-SS
Al0.5Co1Cr1Fe1Ni1Ti1,0,Non-SP-SS
Al1Co1Cr1Fe1Ni1Si0.4,0,Non-SP-SS
Be1Nb1,0,Non-SP-SS
Al1.8Co1Cr1Fe1Ni1,0,Non-SP-SS
Al2.2Cr1Cu1Fe1Ni2,0,Non-SP-SS
Al2Co1Cr1Cu0.5Fe1Ni1,0,Non-SP-SS
Al1Cr1Cu1Fe1Ni1Zn1,0,Non-SP-SS
Al1.5Co1Cr1Fe1Mo0.5Ni1,0,Non-SP-SS
Al1Cr1Fe1Mo0.378Ni1,0,Non-SP-SS
Co1Cr1Fe1Ga1Ni1,0,Non-SP-SS
Al1.86Co1Cr1Fe1Ni1,0,Non-SP-SS
Al1Co1Cr1Cu1Fe1Mn1Ni1Ti1V1,0,Non-SP-SS
Al1Co1Cr1Fe1Nb0.62Ni1,0,Non-SP-SS
Al1.87Co1Cr1Fe1Ni1,0,Non-SP-SS
Be1Ta1,0,Non-SP-SS
Al1Cu1Ni1,0,Non-SP-SS
Co1Fe1Ga1Mn1Ni1,0,Non-SP-SS
Cr1Fe1Ni1Ti1,0,Non-SP-SS
Al1Co1Cr1Fe1Mo1Ni0.67,0,Non-SP-SS
Co1Cu1Fe1Ni1Sn0.5,0,Non-SP-SS
Al1.3Cr1Fe1Ni1,0,Non-SP-SS
Al1Co1Cr1Cu1Fe1Ni1Ti1,0,Non-SP-SS
Al2.3Co1Cr1Cu1Fe1Ni1,0,Non-SP-SS
Al0.5Co1Cr1Cu1Fe1Ni1Ti1.4,0,Non-SP-SS
Al1Cr3Cu1Fe1Ni1Ti1,0,Non-SP-SS
Al2.32Co1Cr1Cu1Fe1Ni1,0,Non-SP-SS
Al1Cr1Fe1Mo0.48Ni1,0,Non-SP-SS
Al1Co0.015Cr1Fe1Mo0.5Ni1,0,Non-SP-SS
Al1.95Co1Cr1Fe1Ni1,0,Non-SP-SS
Al1Cr1Fe1Mo0.5Ni1,0,Non-SP-SS
Al2.39Cr1Cu1Fe1Ni2,0,Non-SP-SS
Al1.97Co1Cr1Fe1Ni1,0,Non-SP-SS
Al1.5Cr1Fe1.5Mn1Ni0.5,0,Non-SP-SS
Al1Co1Cr1Fe1Mo0.5,0,Non-SP-SS
Al2.5Cr1Cu1Fe1Ni2,0,Non-SP-SS
Al1Co1Cr1Fe1Nb0.75Ni1,0,Non-SP-SS
Al2.08Co1Cr1Fe1Ni1,0,Non-SP-SS
Al2.5Co1Cr1Cu1Fe1Ni1,0,Non-SP-SS
Al0.5Co1Cr1Cu1Fe1Ni1Si1,0,Non-SP-SS
Cu0.5Ni1Al1Co1Cr1Fe1Ti1,0,Non-SP-SS
Al1Co1Cr1Fe1Mo1Ni0.38,0,Non-SP-SS
Co1Cu5Fe1Ni1Ti3,0,Non-SP-SS
Al1Au1Co1Cr1Cu1Ni1,0,Non-SP-SS
Al0.5Co1Cr1Cu1Fe1Ni1Ti1.6,0,Non-SP-SS
Ag1Al1Co1Cr1Cu1Ni1,0,Non-SP-SS
Co1Cr1Cu1Fe1Ni1Ti2,0,Non-SP-SS
Al1Cr2Cu1Fe1Ni1Ti1,0,Non-SP-SS
Al1Co1Cu1Fe1Ni1Ti1,0,Non-SP-SS
Al1Co1Cr1Fe1Ni1Si0.6,0,Non-SP-SS
Al1Cr1Fe1Mo0.8Ni1,0,Non-SP-SS
Al1Co1Cr1Fe1Mo1Ni0.16,0,Non-SP-SS
Al2.297Co1Cr1Fe1Ni1,0,Non-SP-SS
Co1Cr1Fe1Ni1Cu1Al1Ti1Mn1V1Mo1,0,Non-SP-SS
Al1Cr1Fe1Mo0.89Ni1,0,Non-SP-SS
Al1Co1Cr1Cu1Ni1Ti1,0,Non-SP-SS
Al1Co1Cr1Fe1Ni1Ti1,0,Non-SP-SS
Fe1Co1Ni1Cr1Cu1Al2.8,0,Non-SP-SS
Al2Co1Cr1Fe1Mo0.5Ni1,0,Non-SP-SS
Al2.36Co1Cr1Fe1Ni1,0,Non-SP-SS
Al1Cr1.5Cu1Fe1Ni1Ti1,0,Non-SP-SS
Al0.5Co1Cr1Cu1Fe1Ni1Ti1.8,0,Non-SP-SS
Al1Cr1Fe1Mo0.98Ni1,0,Non-SP-SS
Al1Cr1Fe1Mo0.995Ni1,0,Non-SP-SS
Al1Cr1Fe1Mo1Ni1,0,Non-SP-SS
Al1Co1Cr1Cu0.8Ni1Ti1,0,Non-SP-SS
Al3Cr1Cu1Fe1Ni2,0,Non-SP-SS
Al2.47Co1Cr1Fe1Ni1,0,Non-SP-SS
Al0.5Co1Cr1Cu1Fe1Ni1Si1.2,0,Non-SP-SS
Al3Co1Cr1Cu1Fe1Ni1,0,Non-SP-SS
Al1Co1Cr1Cu0.65Ni1Ti1,0,Non-SP-SS
Al2.5Co1Cr1Fe1Ni1,0,Non-SP-SS
Al1Cr1Fe1Mn1Ti0.25,0,Non-SP-SS
Al1Co0.5Cr1Fe1Mo0.5,0,Non-SP-SS
Co1Cr1Fe1Ge1Mn1Ni1,0,Non-SP-SS
Co1W1,0,Non-SP-SS
Al1Co1Cr1Cu1Fe1Ni1Si1,0,Non-SP-SS
Al1Cr1Cu1Fe1Ni1Ti1,0,Non-SP-SS
Al1Co1Cr1Cu0.5Ni1Ti1,0,Non-SP-SS
Al0.5Co1Cr1Cu1Fe1Ni1Ti2,0,Non-SP-SS
Fe1Zn1,0,Non-SP-SS
Mg1Sn1,0,Non-SP-SS
Al2.68Co1Cr1Fe1Ni1,0,Non-SP-SS
Al1Cr1Fe1Mn1Ni1Ti1,0,Non-SP-SS
Al1Cu1Cr1Fe1Ni1Nb1,0,Non-SP-SS
Al0.5Cr1Fe1Ni1Ti1V1,0,Non-SP-SS
Co1Cr1Cu1Fe1Ni1Ti2.5,0,Non-SP-SS
Al2Co1Cr1Cu1Fe1Ni1Ti1,0,Non-SP-SS
Al2.757Co1Cr1Fe1Ni1,0,Non-SP-SS
Al1.5Co1Cr1Fe1Ni1Ti1,0,Non-SP-SS
Cu0.5Ni1Al1Co1Cr1Fe1Si1,0,Non-SP-SS
Al1Cr0.5Cu1Fe1Ni1Ti1,0,Non-SP-SS
Al0.5Co1Cr1Cu1Fe1Ni1Si1.4,0,Non-SP-SS
Al2.897Co1Cr1Fe1Ni1,0,Non-SP-SS
Co1Cr1Fe1Hf1Ni1,0,Non-SP-SS
Co1Cr1Fe1Ni1Cu1Al1Ti1Zn1V1Mo1,0,Non-SP-SS
Co1Fe1Mn1Ti0.5V0.4Zr0.4,0,Non-SP-SS
Al3Co1Cr1Fe1Ni1,0,Non-SP-SS
Al1Co1Cr1Fe1Ni1Ti1.5,0,Non-SP-SS
Al1Co1Cu1Fe1Ni1Si1,0,Non-SP-SS
Co1Cr1Fe1Ge1Ni1,0,Non-SP-SS
Al2Co1Cr1Cu1Fe1Ni0.5Ti1,0,Non-SP-SS
Al1Co1Cr1Fe1Ni1Si1,0,Non-SP-SS
Al0.5Co1Cr1Cu1Fe1Ni1Si1.6,0,Non-SP-SS
Al2Co1Cr1Fe1Ni1Ti1,0,Non-SP-SS
Pt42.5Cu27Ni9.5P1,0,Non-SP-SS
Co1Cr1Fe1Ni1Zr1,0,Non-SP-SS
Be1Ga1,0,Non-SP-SS
Mn1Mo1,0,Non-SP-SS
Al1Cu1Cr1Fe1Ni1Nb1.5,0,Non-SP-SS
Ir1Ru1,0,Non-SP-SS
Al2Co1Cr1Cu1Fe1Ti1,0,Non-SP-SS
Al1Co0.6Cr1Fe0.2Ni0.2Si0.2Ti0.2,0,Non-SP-SS
Al1Co1Cr1Fe1Ni1Ti2,0,Non-SP-SS
Al0.5Co1Cr1Cu1Fe1Ni1Si1.8,0,Non-SP-SS
Cr1Cu1Fe1Ni1Zr1,0,Non-SP-SS
Ag1Ni1,0,Non-SP-SS
Au1Co1,0,Non-SP-SS
Fe0.4Mo0.6,0,Non-SP-SS
Co1Fe1Mn1Ti1V1Zr0.4,0,Non-SP-SS
Al2Cr1Fe1Mn1Ti0.25,0,Non-SP-SS
Be1Si1,0,Non-SP-SS
Ag1Co1,0,Non-SP-SS
Al5Co1Cr1Cu1Fe1Ni1,0,Non-SP-SS
Al1Cr1Cu1Fe1Nb1Ni1Ti1,0,Non-SP-SS
Al0.5Co1Cr1Cu1Fe1Ni1Si2,0,Non-SP-SS
Pd1Ru1,0,Non-SP-SS
Co1Cr1Mo1Nb1,0,Non-SP-SS
Al40Co7.5Cr7.5Cu7.5Fe7.5Mn7.5Ni7.5Ti7.5V7.5,0,Non-SP-SS
Al1Co1Cu1Fe1Ni1Zr1,0,Non-SP-SS
Zr1Ti1V1Cu1Ni1Be1,0,Non-SP-SS
Al1Co1Ni1Ti1Zn1,0,Non-SP-SS
Co1Fe1Mn1Ti1.4V0.89Zr0.4,0,Non-SP-SS
Al1.5Cr1Fe1Mn1Ti1,0,Non-SP-SS
Co1Cr1Mo1Nb1Ti0.2,0,Non-SP-SS
Co1Fe1Mn1Ti1.4V0.4Zr0.4,0,Non-SP-SS
Os1Pd1,0,Non-SP-SS
Al1Cr1,0,Non-SP-SS
Al1Co1Cr1Fe1Mo0.5Ni1Si1Ti1,0,Non-SP-SS
Co1Cu15Fe1Ni1Ti15,0,Non-SP-SS
Al1Co1Cr1Fe1Ni1Ti3,0,Non-SP-SS
Al1Co1Cr1Cu1Fe1Si1Ti1,0,Non-SP-SS
Al1Co1Cr1Cu1Fe1Mo1Ni1Ti1V1Zr1,0,Non-SP-SS
Co1Fe1Mn1Ti2V2.4Zr0.4,0,Non-SP-SS
Al3Cr1Fe1Mn1Ti0.25,0,Non-SP-SS
Ni1Nb1,0,Non-SP-SS
Ag1Cu1,0,Non-SP-SS
Ag1Fe1,0,Non-SP-SS
Al1Co0.2Cr1.5Fe0.2Ni1Si1Ti0.2,0,Non-SP-SS
Al2Cr1Fe1Mn1Ti1,0,Non-SP-SS
Co1Fe1Mn1Ti1.7V0.4Zr0.4,0,Non-SP-SS
Co1Fe1Mn1Ti1V1Zr0.7,0,Non-SP-SS
Co1Cr1Mo1Nb1Ti0.5,0,Non-SP-SS
Co1Cu30Fe1Ni1Ti30,0,Non-SP-SS
Al1Cr1Mn1Nb1V1,0,Non-SP-SS
Co1Ta1,0,Non-SP-SS
Au1Cr1,0,Non-SP-SS
Co1Cr1Fe1Ni1Sn1,0,Non-SP-SS
Co1Fe1Mn1Ni1Sn1,0,Non-SP-SS
Cr1Fe1Mo1Ti1W1,0,Non-SP-SS
Ag1Cr1,0,Non-SP-SS
Co1Fe1Mn1Ti0.8V0.95Zr0.85,0,Non-SP-SS
Ag1Mn1,0,Non-SP-SS
Co1Fe1Mn1Ti1.4V0.89Zr0.65,0,Non-SP-SS
Co1Fe1Mn1Ti2V0.4Zr0.4,0,Non-SP-SS
Co1Fe1Mn1Ti1V3Zr1,0,Non-SP-SS
Co1Fe1Mn1Ti2.5V1.9Zr0.4,0,Non-SP-SS
Os1Pt1,0,Non-SP-SS
Co1Fe1Mn1Ti1V2.6Zr1,0,Non-SP-SS
Co1Fe1Mn1Ti0.5V1Zr1,0,Non-SP-SS
Al1Co0.2Cr1Fe0.2Ni1Si1Ti0.2,0,Non-SP-SS
Cr1Mn1Nb1Ti1V1,0,Non-SP-SS
Al4Cr1Fe1Mn1Ti0.25,0,Non-SP-SS
Co1Fe1Mn1Ti1V2.3Zr1,0,Non-SP-SS
Ru1W1,0,Non-SP-SS
Co1Fe1Mn1Ti1V2Zr1,0,Non-SP-SS
Be1Li1,0,Non-SP-SS
Co1Cr1Mo1Nb1Ti1,0,Non-SP-SS
Co1Fe1Mn1Ti1V1.6Zr1,0,Non-SP-SS
Al1Co1Cr1Cu1Ni1Ti1Y0.5,0,Non-SP-SS
Al1Cr1Fe1Mo0.5Ni1Si1Ti1,0,Non-SP-SS
Co1Fe1Mn1Ti2.5V0.4Zr0.4,0,Non-SP-SS
Co1Fe1Mn1Ti1V1.3Zr1,0,Non-SP-SS
Fe1Nb1,0,Non-SP-SS
Co1Fe1Mn1Ti1.7V1.4Zr0.8,0,Non-SP-SS
Co1Fe1Mn1Ti1V1Zr1,0,Non-SP-SS
Fe1Ta1,0,Non-SP-SS
Cr1Ta1V1W1,0,Non-SP-SS
Co1Fe1Mn1Ti1V0.7Zr1,0,Non-SP-SS
Cr1Nb1,0,Non-SP-SS
Pt1Re1,0,Non-SP-SS
Cr2Mo1Nb1Ta1V1W1,0,Non-SP-SS
Co1Fe1Mn1Ti1V0.4Zr1,0,Non-SP-SS
Cr1Ta1,0,Non-SP-SS
Mg1Sb1,0,Non-SP-SS
Cr0.23Ta0.24Ti0.04V0.24W0.25,0,Non-SP-SS
Co1Fe1Mn1Ti1.5V1Zr1,0,Non-SP-SS
Al12.7Co1Cr1Cu1Fe1Ni1,0,Non-SP-SS
Al13Co1Cr1Cu1Fe1Ni1,0,Non-SP-SS
Be1Hf1,0,Non-SP-SS
Cr0.22Ta0.23Ti0.07V0.23W0.24,0,Non-SP-SS
Mg1Pb1,0,Non-SP-SS
Pb1Th1,0,Non-SP-SS
Al1Cr1Mn1Nb1Ti1,0,Non-SP-SS
Pt1Zn1,0,Non-SP-SS
Pd1W1,0,Non-SP-SS
Al1Cr1.5Nb1Ti1V1,0,Non-SP-SS
Co1Fe1Mn1Ti2V1Zr1,0,Non-SP-SS
Al0.55V0.45,0,Non-SP-SS
Co1Fe1Mn1Ti1V1Zr1.3,0,Non-SP-SS
Be1Ge1,0,Non-SP-SS
Ag1Rh1,0,Non-SP-SS
Co1Fe1Mn1Ti2V2.4Zr1.4,0,Non-SP-SS
Co1Fe1Mn1Ti2.5V1Zr1,0,Non-SP-SS
Ag1Os1,0,Non-SP-SS
Al1Cr1Nb1Ti1V1,0,Non-SP-SS
Al1Mn1Nb1Ti1V1,0,Non-SP-SS
Al1Co1Cr1Cu1Ni1Ti1Y0.8,0,Non-SP-SS
Cu1Ga1,0,Non-SP-SS
Fe1Ga1,0,Non-SP-SS
Al16Cu1Li1Mg1Zn1,0,Non-SP-SS
Co1Fe1Mn1Ti1V1Zr1.6,0,Non-SP-SS
Al0.5Cr1Mo1Nb1Si0.3Ti1V1,0,Non-SP-SS
Al0.5Cu1Ni1Pd1Ti1Zr1,0,Non-SP-SS
Co1Cr1Fe1Ni1Y1,0,Non-SP-SS
Al28Co1Cr1Cu1Fe1Ni1,0,Non-SP-SS
Re0.6Ti0.4,0,Non-SP-SS
Ag1Re1,0,Non-SP-SS
Al37Co1Cr1Cu1Fe1Ni1,0,Non-SP-SS
Al1Co1Cu1Fe1Nd1Ni1,0,Non-SP-SS
Al1Li1Mg1Sn1Zn1,0,Non-SP-SS
Ir1Nb1,0,Non-SP-SS
Rh0.45Ta0.55,0,Non-SP-SS
Al50Co1Cr1Cu1Fe1Ni1,0,Non-SP-SS
Al1Co1Cr1Cu1Ni1Ti1Y1,0,Non-SP-SS
Co1Fe1Mn1Ti1V1Zr2,0,Non-SP-SS
Pd40Cu30Ni10P20,0,Non-SP-SS
Ir1Ta1,0,Non-SP-SS
Li1Ni1,0,Non-SP-SS
Pd1Pt1Cu1Ni1P1,0,Non-SP-SS
Al60Co1Cr1Cu1Fe1Ni1,0,Non-SP-SS
Ti40Zr25Cu12Ni3Be20,0,Non-SP-SS
Ag1Pt1,0,Non-SP-SS
Al1W1,0,Non-SP-SS
Au1Mo1,0,Non-SP-SS
Ag1Mo1,0,Non-SP-SS
Cu1Nb1Ni1Ti1Zr1,0,Non-SP-SS
Al1.5Mo1Nb1Ti1V1,0,Non-SP-SS
Al1Cr1Mo1Si1Ti1,0,Non-SP-SS
Zr41.2Ti13.8Cu12.5Ni10Be22.5,0,Non-SP-SS
Co1Fe1Mn1Ti1V1Zr2.3,0,Non-SP-SS
Co1Fe1Mn1Ti2.5V1.9Zr2.4,0,Non-SP-SS
Au1W1,0,Non-SP-SS
Al16Li1Mg1Sn1Zn1,0,Non-SP-SS
Ag1W1,0,Non-SP-SS
Mo1Nb1Ti1V3Zr1,0,Non-SP-SS
Al0.5Ce1Co1Cu0.5Fe1Ni1Ti0.5,0,Non-SP-SS
Fe1Li1,0,Non-SP-SS
Cd1Fe1,0,Non-SP-SS
Co1Fe1Mn1Ti1V1Zr2.6,0,Non-SP-SS
As1Cu1,0,Non-SP-SS
Li1Mn1,0,Non-SP-SS
Si1V1,0,Non-SP-SS
Cr1Nb1Ti1V1Zr1,0,Non-SP-SS
Mo1Nb1Ti1V2Zr1,0,Non-SP-SS
Sm1U1,0,Non-SP-SS
Co1Fe1Mn1Ti1V1Zr3,0,Non-SP-SS
Fe1Hf1,0,Non-SP-SS
Zr1Hf1Ti1Al1Cu1Ni1,0,Non-SP-SS
Be1In1,0,Non-SP-SS
Zr1Ni1,0,Non-SP-SS
Cu1Hf1Ni1Ti1Zr1,0,Non-SP-SS
Zr1Hf1Ti1Cu1Co1,0,Non-SP-SS
Cr1Hf1,0,Non-SP-SS
Al1Cr1Mo1Ta1Ti1Zr1,0,Non-SP-SS
Cu1Ge1,0,Non-SP-SS
Hf1Mn1,0,Non-SP-SS
Al1Nb1Ti1V1Zr0.5,0,Non-SP-SS
Mo2Nb1Ti1V1Zr1,0,Non-SP-SS
Mo1Nb1Ti1V1.5Zr1,0,Non-SP-SS
Al1Nb1,0,Non-SP-SS
Nb1Ti1V2Zr1,0,Non-SP-SS
Zr1Hf1Ti1Cu1Fe1,0,Non-SP-SS
Mo1.7Nb1Ti1V1Zr1,0,Non-SP-SS
Ga1Zn1,0,Non-SP-SS
Ce1U1,0,Non-SP-SS
Mo1.5Nb1Ti1V1Zr1,0,Non-SP-SS
Ge1Mn1,0,Non-SP-SS
Mo1.3Nb1Ti1V1Zr1,0,Non-SP-SS
Al1Cr1Ta1Ti1Zr1,0,Non-SP-SS
Cu1Zr1,0,Non-SP-SS
Au1Ta1,0,Non-SP-SS
Cr1Mo0.5Nb1Ta0.5Ti1Zr1,0,Non-SP-SS
Hf1Mo1Nb1Si0.3Ti1V1,0,Non-SP-SS
Si1Zn1,0,Non-SP-SS
Pr1U1,0,Non-SP-SS
Hf1Mo1Nb1Si0.5Ti1V1,0,Non-SP-SS
Cr1Zr1,0,Non-SP-SS
Cd1V1,0,Non-SP-SS
Al1.5Nb1Ti1V1Zr1,0,Non-SP-SS
Cr1Nb1Ti1Zr1,0,Non-SP-SS
Hf1Mo1Nb1Si0.7Ti1V1,0,Non-SP-SS
Al1Nb1Ti1V1Zr1,0,Non-SP-SS
Al1Mo1Nb1Si1Ta1Ti1V1Zr1,0,Non-SP-SS
Pd0.4Si0.6,0,Non-SP-SS
Al20Li20Mg10Sc20Ti30,0,Non-SP-SS
Si1W1,0,Non-SP-SS
Fe0.6Se0.4,0,Non-SP-SS
Co1Sc1,0,Non-SP-SS
Al0.5Nb1Ti1V1Zr1,0,Non-SP-SS
Cu46Zr42Al7Y5,0,Non-SP-SS
Hf1V1,0,Non-SP-SS
Al0.24Nb1Ti1V1Zr1,0,Non-SP-SS
Al1Ga1,0,Non-SP-SS
As1Pd1,0,Non-SP-SS
Al1Si1,0,Non-SP-SS
Hf1Mo1Nb1Ta1Ti1V1Zr1,0,Non-SP-SS
Cd1Zn1,0,Non-SP-SS
Fe1Sc1,0,Non-SP-SS
Al1Mo0.5Nb1Ta0.5Ti1Zr1,0,Non-SP-SS
Li1Mo1,0,Non-SP-SS
Au1Si1,0,Non-SP-SS
Mo1Nb1Ta1Ti1Zr1,0,Non-SP-SS
Ag1Si1,0,Non-SP-SS
Co1In1,0,Non-SP-SS
Cd1Mo1,0,Non-SP-SS
As1Mo1,0,Non-SP-SS
Mo1Nb1Ti1Zr1,0,Non-SP-SS
Al0.5Nb1Ta0.8Ti1.5V0.2Zr1,0,Non-SP-SS
Cr1Hf1Nb1Ti1Zr1,0,Non-SP-SS
Ge1Re1,0,Non-SP-SS
Ga1Nb1,0,Non-SP-SS
Hf1Mo1,0,Non-SP-SS
Ge1Zn1,0,Non-SP-SS
Fe1In1,0,Non-SP-SS
Hf1Nb1Ti1V1Zr1,0,Non-SP-SS
Re1Zr1,0,Non-SP-SS
Si1Ta1,0,Non-SP-SS
Al1Cd1,0,Non-SP-SS
Ge1Mo1,0,Non-SP-SS
In1Mn1,0,Non-SP-SS
Al0.3Nb1Ta1Ti1.4Zr1.3,0,Non-SP-SS
Al1Hf1Nb1Ta1Ti1Zr1,0,Non-SP-SS
Zr17Ta16Ti19Nb22Si26,0,Non-SP-SS
Ag1As1,0,Non-SP-SS
Sc1V1,0,Non-SP-SS
Li1Ti1,0,Non-SP-SS
Al1Ge1,0,Non-SP-SS
Cr1Se1,0,Non-SP-SS
Mg1Na1,0,Non-SP-SS
Li1Ta1,0,Non-SP-SS
Re1Sc1,0,Non-SP-SS
Ag1Ge1,0,Non-SP-SS
In1V1,0,Non-SP-SS
Ge1Ti1,0,Non-SP-SS
Co1Lu1,0,Non-SP-SS
Ru1Sn1,0,Non-SP-SS
Ge1Nb1,0,Non-SP-SS
Sn1V1,0,Non-SP-SS
Sc1W1,0,Non-SP-SS
Hf1Ta0.6Ti1Zr1,0,Non-SP-SS
Cd1Ga1,0,Non-SP-SS
Hf1Ta0.5Ti1Zr1,0,Non-SP-SS
In1Zn1,0,Non-SP-SS
Fe1Lu1,0,Non-SP-SS
Hf1Ta0.4Ti1Zr1,0,Non-SP-SS
Li1Si1,0,Non-SP-SS
Co1Er1,0,Non-SP-SS
Al1Ti1V1Y1Zr1,0,Non-SP-SS
Fe1Tm1,0,Non-SP-SS
Fe1Sb1,0,Non-SP-SS
Sn1Zn1,0,Non-SP-SS
Ga1Ge1,0,Non-SP-SS
Er1Fe1,0,Non-SP-SS
Co1Dy1,0,Non-SP-SS
Al1In1,0,Non-SP-SS
Er1Mn1,0,Non-SP-SS
Fe1Ho1,0,Non-SP-SS
Ca1Mg1,0,Non-SP-SS
Lu1V1,0,Non-SP-SS
Ho1Mn1,0,Non-SP-SS
Be1Bi1,0,Non-SP-SS
Al1Sn1,0,Non-SP-SS
Al1Se1,0,Non-SP-SS
Hf1Li1,0,Non-SP-SS
Mg1Yb1,0,Non-SP-SS
Fe1Tb1,0,Non-SP-SS
Ag1Sn1,0,Non-SP-SS
In1Nb1,0,Non-SP-SS
Co1Gd1,0,Non-SP-SS
In1Ta1,0,Non-SP-SS
Er1Ru1,0,Non-SP-SS
Mn1Tb1,0,Non-SP-SS
Er1V1,0,Non-SP-SS
Sn1Ti1,0,Non-SP-SS
Li1Zr1,0,Non-SP-SS
Fe1Y1,0,Non-SP-SS
Re1Sb1,0,Non-SP-SS
Fe1Gd1,0,Non-SP-SS
Co1Sm1,0,Non-SP-SS
Co1Te1,0,Non-SP-SS
Cr1Y1,0,Non-SP-SS
Mn1Y1,0,Non-SP-SS
Co1Nd1,0,Non-SP-SS
Gd1Mn1,0,Non-SP-SS
Er1Re1,0,Non-SP-SS
Lu1W1,0,Non-SP-SS
Dy1V1,0,Non-SP-SS
Pb1Zn1,0,Non-SP-SS
Ga1In1,0,Non-SP-SS
Ce1Co1,0,Non-SP-SS
Fe1Sm1,0,Non-SP-SS
Mo1Pb1,0,Non-SP-SS
In1Si1,0,Non-SP-SS
Cr1Te1,0,Non-SP-SS
Y36Sc20Al24Co20,0,Non-SP-SS
Mn1Sm1,0,Non-SP-SS
Co1Pr1,0,Non-SP-SS
Mn1Nd1,0,Non-SP-SS
Er1W1,0,Non-SP-SS
Ce1Fe1,0,Non-SP-SS
Ga1Sn1,0,Non-SP-SS
Gd1Ru1,0,Non-SP-SS
Ho1Mo1,0,Non-SP-SS
Ta1Tl1,0,Non-SP-SS
Re1Tb1,0,Non-SP-SS
Ce1Cr1,0,Non-SP-SS
Gd1V1,0,Non-SP-SS
Al1Pb1,0,Non-SP-SS
Ce1Mn1,0,Non-SP-SS
Si1Sn1,0,Non-SP-SS
Os1Y1,0,Non-SP-SS
Fe1Pr1,0,Non-SP-SS
Au1Sb1,0,Non-SP-SS
Ag1Sb1,0,Non-SP-SS
Au1Pb1,0,Non-SP-SS
Ag1Pb1,0,Non-SP-SS
Mn1Pr1,0,Non-SP-SS
Dy1W1,0,Non-SP-SS
Cd1In1,0,Non-SP-SS
Re1Y1,0,Non-SP-SS
Gd1Re1,0,Non-SP-SS
Er1Ti1,0,Non-SP-SS
Ta1Tm1,0,Non-SP-SS
Ga1Tl1,0,Non-SP-SS
Co1La1,0,Non-SP-SS
Ce1V1,0,Non-SP-SS
Cd1Sn1,0,Non-SP-SS
Li1Se1,0,Non-SP-SS
Si1Tl1,0,Non-SP-SS
Er1Ta1,0,Non-SP-SS
Er1Tb1Dy1Ni1Al1,0,Non-SP-SS
Ge1In1,0,Non-SP-SS
Ce1Ir1,0,Non-SP-SS
Gd1W1,0,Non-SP-SS
Pr1V1,0,Non-SP-SS
Fe1La1,0,Non-SP-SS
Ir1Pr1,0,Non-SP-SS
La1Mn1,0,Non-SP-SS
Dy1Ta1,0,Non-SP-SS
Mo1Nd1,0,Non-SP-SS
Ga1Pb1,0,Non-SP-SS
Sb1Si1,0,Non-SP-SS
Ta1Tb1,0,Non-SP-SS
Cd1Tl1,0,Non-SP-SS
Ce1Mo1,0,Non-SP-SS
Pb1Si1,0,Non-SP-SS
Ce1W1,0,Non-SP-SS
Gd1Ti1,0,Non-SP-SS
Au1Te1,0,Non-SP-SS
Pr1W1,0,Non-SP-SS
Fe1Na1,0,Non-SP-SS
La1V1,0,Non-SP-SS
Ge1Tl1,0,Non-SP-SS
Li1Sb1,0,Non-SP-SS
Cd1Pb1,0,Non-SP-SS
As1Pb1,0,Non-SP-SS
Al1Bi1,0,Non-SP-SS
Ge1Lu1,0,Non-SP-SS
Ce1Ti1,0,Non-SP-SS
Au1Bi1,0,Non-SP-SS
Ge1Sb1,0,Non-SP-SS
Pr1Ti1,0,Non-SP-SS
Ce1Ta1,0,Non-SP-SS
Er1Hf1,0,Non-SP-SS
La1Mo1,0,Non-SP-SS
Ge1Pb1,0,Non-SP-SS
In1Sn1,0,Non-SP-SS
Sr1Ca1Yb1Mg1Zn1Cu1Ti1,0,Non-SP-SS
Pr1Ta1,0,Non-SP-SS
La1W1,0,Non-SP-SS
Sb1Zr1,0,Non-SP-SS
Ca1Ni1,0,Non-SP-SS
Er1Zr1,0,Non-SP-SS
Si1Te1,0,Non-SP-SS
Co1Yb1,0,Non-SP-SS
Dy1Zr1,0,Non-SP-SS
La1Ti1,0,Non-SP-SS
Hf1Y1,0,Non-SP-SS
Mg1Sr1,0,Non-SP-SS
Pb1Sc1,0,Non-SP-SS
Li1Te1,0,Non-SP-SS
La1Nb1,0,Non-SP-SS
Fe1Yb1,0,Non-SP-SS
La1Ta1,0,Non-SP-SS
As1Te1,0,Non-SP-SS
Ce1Li1,0,Non-SP-SS
Gd1Zr1,0,Non-SP-SS
Li1Pr1,0,Non-SP-SS
Ca1V1,0,Non-SP-SS
Ce1Hf1,0,Non-SP-SS
Sb1Se1,0,Non-SP-SS
Pb1Sn1,0,Non-SP-SS
Er1Sn1,0,Non-SP-SS
Os1Yb1,0,Non-SP-SS
Ho1Sn1,0,Non-SP-SS
Ca1Pt1,0,Non-SP-SS
Ca1Mo1,0,Non-SP-SS
La1Li1,0,Non-SP-SS
Ga1Na1,0,Non-SP-SS
Gd1In1,0,Non-SP-SS
Al1Ca1,0,Non-SP-SS
Lu1Pb1,0,Non-SP-SS
Eu1Fe1,0,Non-SP-SS
Sn1Y1,0,Non-SP-SS
Gd1Sn1,0,Non-SP-SS
Al1Yb1,0,Non-SP-SS
Pb1Sb1,0,Non-SP-SS
Ca1Ti1,0,Non-SP-SS
Ce1In1,0,Non-SP-SS
Li1Na1,0,Non-SP-SS
Sm1Sn1,0,Non-SP-SS
Cd1Na1,0,Non-SP-SS
Eu1Rh1,0,Non-SP-SS
Eu1V1,0,Non-SP-SS
Ca65Mg15Zn20,0,Non-SP-SS
Sr1Ca1Yb1Mg1Zn1,0,Non-SP-SS
Be1Sr1,0,Non-SP-SS
Gd1Pb1,0,Non-SP-SS
Eu1Mo1,0,Non-SP-SS
Eu1W1,0,Non-SP-SS
Pb1Sm1,0,Non-SP-SS
Ca1Li1,0,Non-SP-SS
Ba1Mg1,0,Non-SP-SS
Pb1Pr1,0,Non-SP-SS
Eu1Ta1,0,Non-SP-SS
Ge1Yb1,0,Non-SP-SS
Mn1Sr1,0,Non-SP-SS
Sr1Ca1Yb1Li0.55Mg0.45Zn1,0,Non-SP-SS
Ca1Sc1,0,Non-SP-SS
Sr1V1,0,Non-SP-SS
Cd1Eu1,0,Non-SP-SS
Pt1Sr1,0,Non-SP-SS
Al1Sr1,0,Non-SP-SS
Ca1Lu1,0,Non-SP-SS
Sr1Ti1,0,Non-SP-SS
Ca1Tm1,0,Non-SP-SS
Ca1Sb1,0,Non-SP-SS
Lu1Yb1,0,Non-SP-SS
Ga1Sr1,0,Non-SP-SS
K1Mg1,0,Non-SP-SS
Ca1Y1,0,Non-SP-SS
Ba1Fe1,0,Non-SP-SS
Gd1Yb1,0,Non-SP-SS
Ca1Nd1,0,Non-SP-SS
Ba1V1,0,Non-SP-SS
Sc1Sr1,0,Non-SP-SS
Ca1La1,0,Non-SP-SS
Ba1Mo1,0,Non-SP-SS
Al1Ba1,0,Non-SP-SS
Ca1Na1,0,Non-SP-SS
Ba1Ti1,0,Non-SP-SS
Eu1La1,0,Non-SP-SS
Sr1Y1,0,Non-SP-SS
K1V1,0,Non-SP-SS
Ba1Sc1,0,Non-SP-SS
K1Zn1,0,Non-SP-SS
K1Mo1,0,Non-SP-SS
Ba1Sn1,0,Non-SP-SS
Mg1Rb1,0,Non-SP-SS
K1Ti1,0,Non-SP-SS
K1Nb1,0,Non-SP-SS
K1Ta1,0,Non-SP-SS
K1Li1,0,Non-SP-SS
Ba1Y1,0,Non-SP-SS
K1Zr1,0,Non-SP-SS
Rb1V1,0,Non-SP-SS
Rb1Zn1,0,Non-SP-SS
Rb1Ti1,0,Non-SP-SS
Rb1Ta1,0,Non-SP-SS
Ga1Rb1,0,Non-SP-SS
Li1Rb1,0,Non-SP-SS
Hf1Rb1,0,Non-SP-SS
K1Na1,0,Non-SP-SS
Cs1Mg1,0,Non-SP-SS
In1Rb1,0,Non-SP-SS
Rb1Tl1,0,Non-SP-SS
Cs1V1,0,Non-SP-SS
Cs1Mo1,0,Non-SP-SS
Cs1Nb1,0,Non-SP-SS
Cs1Ta1,0,Non-SP-SS
Cs1Ga1,0,Non-SP-SS
Cs1Li1,0,Non-SP-SS
Cs1Hf1,0,Non-SP-SS
Cs1In1,0,Non-SP-SS
Cs1Tl1,0,Non-SP-SS
Cs1Te1,0,Non-SP-SS
Al0.03Mg0.97,1,SP-SS
Li0.1Mg0.9,1,SP-SS
Sc0.1Th0.9,1,SP-SS
Ti0.25U0.75,1,SP-SS
Cd0.25Mg0.75,1,SP-SS
U0.75Zr0.25,1,SP-SS
Th0.75Zr0.25,1,SP-SS
Sc0.25Th0.75,1,SP-SS
Sc0.3Th0.7,1,SP-SS
Li0.35Mg0.65,1,SP-SS
Tb0.25Th0.75,1,SP-SS
Nd0.25Th0.75,1,SP-SS
Ti0.5U0.5,1,SP-SS
Pr0.25Th0.75,1,SP-SS
Li0.5Mg0.5,1,SP-SS
Cd0.5Mg0.5,1,SP-SS
Co0.25Ni0.75,1,SP-SS
Co0.5Ni0.5,1,SP-SS
Co0.75Ni0.25,1,SP-SS
Cu0.25Ni0.75,1,SP-SS
Fe0.25Ni0.75,1,SP-SS
Co0.85Cr0.15,1,SP-SS
Ni0.9V0.1,1,SP-SS
Co0.75Fe0.25,1,SP-SS
CoCuNi,1,SP-SS
Co1Fe1Ni1,1,SP-SS
Nb0.05Ni0.95,1,SP-SS
Al0.05Co0.95,1,SP-SS
Co0.7Cr0.3,1,SP-SS
Ni0.9Zn0.1,1,SP-SS
Co1Cr1Ni1,1,SP-SS
Ni0.85V0.15,1,SP-SS
Cu0.5Ni0.5,1,SP-SS
Fe0.5Ni0.5,1,SP-SS
CoCr0.5FeNi,1,SP-SS
Ni0.9Mo0.1,1,SP-SS
CoMnNi,1,SP-SS
CoCuFeNi,1,SP-SS
CoCr0.6FeNi,1,SP-SS
Ni0.85Tc0.15,1,SP-SS
CoCr0.7FeNi,1,SP-SS
Co0.5Fe0.5,1,SP-SS
Ni0.9W0.1,1,SP-SS
Co1.5Cr0.5Fe1Mn0.5Ni1,1,SP-SS
CoCr0.8FeNi,1,SP-SS
Co1Cr1Fe0.5Mn0.5Ni1.5,1,SP-SS
CoCr0.9FeNi,1,SP-SS
CoCuFeNiSn0.015,1,SP-SS
CoCr0.95FeNi,1,SP-SS
CoCrCuNi,1,SP-SS
Al0CoCrFeNi,1,SP-SS
CoCr1.05FeNi,1,SP-SS
CoCr1.10FeNi,1,SP-SS
CoCrCu0.2FeNi,1,SP-SS
Al0.1Ni0.9,1,SP-SS
CoCr1.15FeNi,1,SP-SS
Co1Fe1Mn1Ni1,1,SP-SS
CoCrCu0.4FeNi,1,SP-SS
CoCrCu0.5FeNi,1,SP-SS
CoCrCu0.6FeNi,1,SP-SS
Al0CrCuFeNi2,1,SP-SS
Co42.5Cr12.5Fe20Mo5Ni20,1,SP-SS
CoCrCu0.8FeNi,1,SP-SS
CoCrCuFeNi,1,SP-SS
Co1Cr1.25Fe1Mn0.25Ni1,1,SP-SS
Co1Cr0.75Fe1Mn0.75Ni1,1,SP-SS
CoCuFeMnNi,1,SP-SS
Co0.8Rh0.2,1,SP-SS
Co1Cr1Fe1Mo0.1Ni1,1,SP-SS
Co1Cr1Mn1Ni1,1,SP-SS
Al0.2CoCrCu0.2FeNi2,1,SP-SS
Al.09CoCrFeNi,1,SP-SS
CoCuFeNiSn0.05,1,SP-SS
Al0.095CoCrFeNi,1,SP-SS
Cu0.75Ni0.25,1,SP-SS
Fe0.75Ni0.25,1,SP-SS
Al0.1CoCrFeNi,1,SP-SS
Al0.2CoCu0.2FeNi,1,SP-SS
Co1Cr1Fe1Mn1Ni1,1,SP-SS
Cr1Fe1Ni1,1,SP-SS
Co0.25Fe0.75,1,SP-SS
Ni0.75Rh0.25,1,SP-SS
CoCuFeMnNiSn0.03,1,SP-SS
FeMnNi,1,SP-SS
CoCrFeMnNiCu,1,SP-SS
Al0.15CoCrFeNi,1,SP-SS
CoCr0.4Fe8Mn5.4Ni5.2,1,SP-SS
Co1Cr1Fe1Mo0.2Ni1,1,SP-SS
Al0.25CoFeNi,1,SP-SS
Co0.75Ru0.25,1,SP-SS
U0.5Zr0.5,1,SP-SS
Th0.5Zr0.5,1,SP-SS
CrCu2Fe2Ni2Mn,1,SP-SS
Al0.1CoFeNiSi0.1,1,SP-SS
Co0.75Rh0.25,1,SP-SS
Al0.25CoFeMn0.25Ni,1,SP-SS
Al0.19CrCuFeNi2,1,SP-SS
Al0.2CoCrFeNi,1,SP-SS
Al0.2CrCuFeNi2,1,SP-SS
Al0.1CoCrFeMnNi,1,SP-SS
CrCuFeMn2Ni2,1,SP-SS
CoCrFeMnNiV0.25,1,SP-SS
Cr0.66FeMnNi,1,SP-SS
Ir0.25Ni0.75,1,SP-SS
Al.23CoCrFeNi,1,SP-SS
CoCrFeMo0.3Ni,1,SP-SS
Al0.3CoCu0.7FeNi,1,SP-SS
Al0.15CoCrFeMnNi,1,SP-SS
Co0.75Os0.25,1,SP-SS
Al0.25Co1Cr1Fe1Ni1,1,SP-SS
Co35Cr15Fe20Mo10Ni20,1,SP-SS
Cr2CuFe2Mn2Ni2,1,SP-SS
CoCr1.5Fe3.5Mn0.5Ni2.5V,1,SP-SS
CoCrFeNiW0.3,1,SP-SS
Al4Co23.5Cr23.5Fe23.5Ni23.5Ti2,1,SP-SS
Al0.3CrCuFeNi2,1,SP-SS
Al0.2CoCrFeMnNi,1,SP-SS
Al0.3CoCrCu0.5FeNi,1,SP-SS
Al0.3Co1Cr1Fe1Ni1,1,SP-SS
Al0.5CoCrCu0.5FeNi2,1,SP-SS
Al.35CrCuFeNi2,1,SP-SS
Cr0.75FeNi2.25V,1,SP-SS
Ni0.75Pd0.25,1,SP-SS
Al0.4CoCu0.4FeNi,1,SP-SS
CoCuFeNiV,1,SP-SS
Co0.9Ga0.1,1,SP-SS
Al.35CoCrFeNi,1,SP-SS
Cr0.25Fe0.75,1,SP-SS
Al0.4CrCuFeNi2,1,SP-SS
CoCrFeNiTi0.3,1,SP-SS
Al0.2CrCuFeNi,1,SP-SS
CoCrFe4.5Mn3.5,1,SP-SS
Al0.375Co1Cr1Fe1Ni1,1,SP-SS
Al0.3CoCrFeMo0.1Ni,1,SP-SS
Al0CoCrFeMo0.5Ni,1,SP-SS
Cu0.75Mn0.25,1,SP-SS
Fe0.75Mn0.25,1,SP-SS
CoFeNiSi0.25,1,SP-SS
CoCrFe4Mn4,1,SP-SS
Co1.5CrFeNi1.5Ti0.5,1,SP-SS
Al.18CoFeNiSi0.15,1,SP-SS
Co0.75Pd0.25,1,SP-SS
Co0.75Re0.25,1,SP-SS
Al.1CoFeNiSi0.2,1,SP-SS
CoCrFe3.5Mn4.5,1,SP-SS
Al.42CoCrFeNi,1,SP-SS
Al0.3CoCrFeNiTi0.1,1,SP-SS
Cr0.5Fe0.5,1,SP-SS
Al0.38CoCrFeMnNi,1,SP-SS
Co0.7Ir0.3,1,SP-SS
Al0.5CrCuFeNi2,1,SP-SS
CoCrFeMnNiV,1,SP-SS
Ni0.75Zn0.25,1,SP-SS
AlCo3.5CrCu0.5FeNi,1,SP-SS
Fe0.9Ru0.1,1,SP-SS
Al0.15CrFe1.5Ni0.5,1,SP-SS
Al0.5CoCrCuFeNi,1,SP-SS
Co1.5CrFeMo0.1Ni1.5Ti0.5,1,SP-SS
Co0.1Cr0.9,1,SP-SS
Fe0.9Rh0.1,1,SP-SS
Al0.43CoCrFeMnNi,1,SP-SS
Cu0.5Mn0.5,1,SP-SS
Fe0.5Mn0.5,1,SP-SS
Al0.5CoCrCu0.5FeNi,1,SP-SS
Al0.1CoCrFeMo0.5Ni,1,SP-SS
Al0.6CrFeNi2.4,1,SP-SS
AlCo3CuFeNi,1,SP-SS
Al0.5CoCrCuFeNiV0.1,1,SP-SS
Fe0.9Os0.1,1,SP-SS
Al0.5CoCrFeNi,1,SP-SS
Cr0.75Fe0.25,1,SP-SS
Ni0.75Pt0.25,1,SP-SS
Al0.6CrCuFeNi2,1,SP-SS
Al0.2CrFe1.5Ni0.5,1,SP-SS
Al0.5CoCrFeMnNi,1,SP-SS
Al0.5CoCrCuFeNiV0.25,1,SP-SS
Al0.2CoFeNiSi0.2,1,SP-SS
Al0.6CoCu0.6FeNi,1,SP-SS
Al0.2Co1.5CrFeNi1.5Ti0.5,1,SP-SS
Co1Cr1Fe1Ni1Pd1,1,SP-SS
Co0.75Pt0.25,1,SP-SS
Co1Fe1Ni1Pd1,1,SP-SS
Al0.5CoCrCuFeNiV0.39,1,SP-SS
Cr0.75Mn0.25,1,SP-SS
Al0.7CrCuFeNi2,1,SP-SS
Al0CoCrFeNiTi0.5,1,SP-SS
Al.25CoCrFeMo0.5Ni,1,SP-SS
Cr0.5Mn0.5,1,SP-SS
Al.65CoCrFeNi,1,SP-SS
Co0.9Ge0.1,1,SP-SS
Al0.5CoCrCuFeNiTi0.2,1,SP-SS
Al.2CoFeNiSi0.25,1,SP-SS
Cu0.8Rh0.2,1,SP-SS
Fe0.8V0.2,1,SP-SS
Al0.8CrCuFeNi2,1,SP-SS
Cr0.95Ir0.05,1,SP-SS
CoCuNiZn,1,SP-SS
Al.35CoCrFeMo0.5Ni,1,SP-SS
Fe0.75Rh0.25,1,SP-SS
Al0.1Fe0.9,1,SP-SS
Cr0.9Os0.1,1,SP-SS
Co0.5Ru0.5,1,SP-SS
Ni0.5Rh0.5,1,SP-SS
Fe0.85Zn0.15,1,SP-SS
CrCoFeMnNiW,1,SP-SS
Al0.2CoCrFeNiTi0.5,1,SP-SS
Cr0.85Ru0.15,1,SP-SS
Fe0.85Pt0.15,1,SP-SS
Co0.5Rh0.5,1,SP-SS
Al.48CoCrFeMo0.5Ni,1,SP-SS
AlCoCrCuFeNi,1,SP-SS
Fe0.93Si0.07,1,SP-SS
Al0.5CrFe1.5MnNi0.5,1,SP-SS
AlCoCr1.5Cu0.5FeNi,1,SP-SS
Al0.9CoCrFeNi,1,SP-SS
Fe0.75Ir0.25,1,SP-SS
AlCoCrCuFeNiV0.2,1,SP-SS
AlCoCrCu0.5FeNi,1,SP-SS
CrCuFeMoNi,1,SP-SS
Al0.7Co0.3CrFeNi,1,SP-SS
AlCoCrCu0.25FeNi,1,SP-SS
AlCoCrFeNi,1,SP-SS
Cr0.9W0.1,1,SP-SS
Co0.5Os0.5,1,SP-SS
Sc0.5Th0.5,1,SP-SS
Fe0.6Ru0.4,1,SP-SS
Al0.15Cu0.85,1,SP-SS
Cr0.75V0.25,1,SP-SS
Cu0.75Pd0.25,1,SP-SS
Fe0.75Pd0.25,1,SP-SS
Co1Cr1Fe1Ni1Pd2,1,SP-SS
AlCoCrFeMo0.1Ni,1,SP-SS
AlCoCrFeNb0.056Ni,1,SP-SS
Ir0.5Ni0.5,1,SP-SS
AlCoCrCu0.5Ni,1,SP-SS
Fe0.9Ga0.1,1,SP-SS
AlCoCrFeNb0.1Ni,1,SP-SS
Cr0.8Re0.2,1,SP-SS
CoCuFeNiTi,1,SP-SS
AlCoCrFeNiSi0.1,1,SP-SS
Al0.8CrFe1.5MnNi0.5,1,SP-SS
CoCrFeMnNbNi,1,SP-SS
Mn0.7V0.3,1,SP-SS
CoCrFeNiTi,1,SP-SS
Fe0.6Os0.4,1,SP-SS
Fe0.5Ru0.5,1,SP-SS
Cu0.75Pt0.25,1,SP-SS
Al0.4CoFeNiSi0.4,1,SP-SS
Al.9CrFe1.5MnNi0.5,1,SP-SS
AlCoCrFeMo0Ni,1,SP-SS
Al0.2Fe0.8,1,SP-SS
AlCoCrFeNiSi0.2,1,SP-SS
Al0.25CoCrCuFeMnNiTiV,1,SP-SS
Al0.15Cr0.85,1,SP-SS
Co1Fe1Re1Ru1,1,SP-SS
Al.96CrFe1.5MnNi0.5,1,SP-SS
Ni0.3Ru0.7,1,SP-SS
Ni0.5Pd0.5,1,SP-SS
AlCo0.5Cr0.5Fe0.5MnNiV0.5,1,SP-SS
Co0.5Fe0.5MgNi0.5TiZr,1,SP-SS
Mn0.6V0.4,1,SP-SS
Al1.05CrFe1.5MnNi0.5,1,SP-SS
Co0.5Pd0.5,1,SP-SS
Co0.5Re0.5,1,SP-SS
Al1.5CoCrFeNi,1,SP-SS
AlCoCrCuFeNiW,1,SP-SS
Ni0.4Tc0.6,1,SP-SS
Fe0.7Pt0.3,1,SP-SS
Cr0.5Rh0.5,1,SP-SS
Fe0.5Os0.5,1,SP-SS
AlCo0.5Cr0.5Fe0.5MnNiV,1,SP-SS
Cr0.5V0.5,1,SP-SS
Cr0.75Mo0.25,1,SP-SS
Co0.25Ru0.75,1,SP-SS
Al1.2CrFe1.5MnNi0.5,1,SP-SS
AlCoCrFeNiSi0.34,1,SP-SS
Ni0.25Rh0.75,1,SP-SS
Mn0.5V0.5,1,SP-SS
Al0.5CoFeNiSi0.5,1,SP-SS
Cr0.4Ru0.6,1,SP-SS
Fe0.5Ir0.5,1,SP-SS
Co0.25Rh0.75,1,SP-SS
Cr0.4Rh0.6,1,SP-SS
Ni0.2Ru0.8,1,SP-SS
AlCoCuNiZn,1,SP-SS
Au0.25Cu0.75,1,SP-SS
Cr0.45Os0.55,1,SP-SS
Cr0.5Ir0.5,1,SP-SS
Ni0.5Pt0.5,1,SP-SS
Al2CoCrFeNi,1,SP-SS
Co0.5Pt0.5,1,SP-SS
AlCoCrCuFeNiTiV,1,SP-SS
Ti0.75U0.25,1,SP-SS
Cr0.3Rh0.7,1,SP-SS
Fe0.25Rh0.75,1,SP-SS
Ni0.25Os0.75,1,SP-SS
AlCoCrFeNiSi0.56,1,SP-SS
Fe0.2Ru0.8,1,SP-SS
AlCoCrFe6NiSiTi,1,SP-SS
Cu0.5Pd0.5,1,SP-SS
Fe0.5Pd0.5,1,SP-SS
Co0.25Os0.75,1,SP-SS
Cu0.85Li0.15,1,SP-SS
Cr0.2Ru0.8,1,SP-SS
Ni0.1Ru0.9,1,SP-SS
Cr0.4Ir0.6,1,SP-SS
Ni0.25Tc0.75,1,SP-SS
Ir0.75Ni0.25,1,SP-SS
Cr0.25V0.75,1,SP-SS
Cr0.2Rh0.8,1,SP-SS
Mn0.25V0.75,1,SP-SS
Al2CoCrCuFeMnNiTiV,1,SP-SS
Al0.3Cr0.7,1,SP-SS
Cu0.1Rh0.9,1,SP-SS
AlCoCrFeNiSi0.8,1,SP-SS
Cr0.25Os0.75,1,SP-SS
Cr0.1Rh0.9,1,SP-SS
Co0.2Ir0.8,1,SP-SS
Fe0.2Os0.8,1,SP-SS
AlCoFeNiTi,1,SP-SS
Fe0.25Ir0.75,1,SP-SS
Fe0.1V0.9,1,SP-SS
Cu0.5Pt0.5,1,SP-SS
Ru0.9V0.1,1,SP-SS
Rh0.25Ru0.75,1,SP-SS
Ru0.8V0.2,1,SP-SS
Rh0.5Ru0.5,1,SP-SS
Rh0.7Ru0.3,1,SP-SS
Cr0.25Ir0.75,1,SP-SS
Ag0.8Mg0.2,1,SP-SS
Al.35CoFeNiSi,1,SP-SS
Rh0.85Ru0.15,1,SP-SS
Ni0.1Os0.9,1,SP-SS
Al0.8CoFeNiSi0.8,1,SP-SS
Os0.25Ru0.75,1,SP-SS
Rh0.9V0.1,1,SP-SS
Al.4CoFeNiSi,1,SP-SS
Ir0.2Ru0.8,1,SP-SS
Os0.1Rh0.9,1,SP-SS
Ni0.25Pd0.75,1,SP-SS
Cr0.5Pt0.5,1,SP-SS
Os0.2Rh0.8,1,SP-SS
Co0.25Pd0.75,1,SP-SS
Co0.25Re0.75,1,SP-SS
Os0.25Rh0.75,1,SP-SS
Al.5CoFeNiSi,1,SP-SS
Mo0.1Ru0.9,1,SP-SS
Rh0.1V0.9,1,SP-SS
Cr0.5Mo0.5,1,SP-SS
Os0.5Ru0.5,1,SP-SS
Os0.4Rh0.6,1,SP-SS
Ir0.25Rh0.75,1,SP-SS
Ru0.9W0.1,1,SP-SS
Os0.45Rh0.55,1,SP-SS
Ir0.4Ru0.6,1,SP-SS
Ir0.1V0.9,1,SP-SS
AlCoCuNiTiZn,1,SP-SS
Ni0.1Tc0.9,1,SP-SS
Pt0.15Ru0.85,1,SP-SS
Ag0.05Rh0.95,1,SP-SS
Re0.25Ru0.75,1,SP-SS
Pt0.05V0.95,1,SP-SS
Mo0.1Rh0.9,1,SP-SS
Pd0.1V0.9,1,SP-SS
Re0.1V0.9,1,SP-SS
Al.7CoFeNiSi,1,SP-SS
Os0.75Ru0.25,1,SP-SS
Cr0.3Pd0.7,1,SP-SS
Rh0.9W0.1,1,SP-SS
Os0.7V0.3,1,SP-SS
Rh0.5Tc0.5,1,SP-SS
Pd0.25Rh0.75,1,SP-SS
Ir0.5Rh0.5,1,SP-SS
Os0.85Rh0.15,1,SP-SS
Os0.8V0.2,1,SP-SS
Cu0.25Pd0.75,1,SP-SS
Fe0.25Pd0.75,1,SP-SS
Pd0.2V0.8,1,SP-SS
Mo0.2Ru0.8,1,SP-SS
Os0.9V0.1,1,SP-SS
Cr0.1Ir0.9,1,SP-SS
Ir0.7Ru0.30,1,SP-SS
Re0.25V0.75,1,SP-SS
Al.95CoFeNiSi,1,SP-SS
Au0.08V0.92,1,SP-SS
Ru0.8W0.2,1,SP-SS
Mo0.2Rh0.8,1,SP-SS
Rh0.25Tc0.75,1,SP-SS
Mo0.25Ru0.75,1,SP-SS
Ir0.75Rh0.25,1,SP-SS
Ir0.85Ru0.15,1,SP-SS
Pt0.25Rh0.75,1,SP-SS
Nb0.1Rh0.9,1,SP-SS
Rh0.9Ta0.1,1,SP-SS
Re0.5Ru0.5,1,SP-SS
Mo0.25Rh0.75,1,SP-SS
Al1.2CoFeNiSi,1,SP-SS
Ir0.9V0.1,1,SP-SS
Mo0.3Ru0.7,1,SP-SS
AlCoCrCuFeNiWZr,1,SP-SS
Os0.75Re0.25,1,SP-SS
AlCrCuFeTiZn,1,SP-SS
Os0.9W0.1,1,SP-SS
Ir0.25Tc0.75,1,SP-SS
Ir0.5Tc0.5,1,SP-SS
Pd0.5Rh0.5,1,SP-SS
Mo0.25V0.75,1,SP-SS
Mo0.3Rh0.7,1,SP-SS
Re0.5V0.5,1,SP-SS
Ir0.9Pd0.1,1,SP-SS
Mo0.35Ru0.65,1,SP-SS
MoRhRu,1,SP-SS
Ru0.85Ta0.15,1,SP-SS
Ni0.25Pt0.75,1,SP-SS
Ru0.7W0.3,1,SP-SS
Ir0.8Pd0.2,1,SP-SS
Co0.25Pt0.75,1,SP-SS
Mo0.2Os0.8,1,SP-SS
Re0.25Tc0.75,1,SP-SS
V0.75W0.25,1,SP-SS
Ir0.9Mo0.1,1,SP-SS
Pd0.6V0.4,1,SP-SS
Os0.5Re0.5,1,SP-SS
Os0.9Ti0.1,1,SP-SS
Al0.2V0.8,1,SP-SS
Ir0.95Ti0.05,1,SP-SS
Mo1Pd1Rh1Ru1,1,SP-SS
Os0.8W0.2,1,SP-SS
Au0.5Cu0.5,1,SP-SS
Nb0.1Os0.9,1,SP-SS
Mo0.4Rh0.6,1,SP-SS
Re0.75Ru0.25,1,SP-SS
Re0.5Tc0.5,1,SP-SS
Pd0.75Rh0.25,1,SP-SS
Mo0.3Os0.7,1,SP-SS
Ir0.85W0.15,1,SP-SS
Ir0.8Mo0.2,1,SP-SS
CoCrMoNbTi0.4,1,SP-SS
Ir0.75Pt0.25,1,SP-SS
CrTiV,1,SP-SS
Cu0.25Pt0.75,1,SP-SS
Pt0.5Ru0.5,1,SP-SS
Pd0.8V0.2,1,SP-SS
Mo0.35Os0.65,1,SP-SS
Os0.25Re0.75,1,SP-SS
AlCrFeTi,1,SP-SS
Pt0.5Rh0.5,1,SP-SS
Cr0.05Re0.95,1,SP-SS
Os0.7W0.3,1,SP-SS
Re0.75Tc0.25,1,SP-SS
Cr0.25Pt0.75,1,SP-SS
Rh0.6W0.4,1,SP-SS
Ir0.9Nb0.1,1,SP-SS
Ir0.9Ta0.1,1,SP-SS
Mo0.5Rh0.5,1,SP-SS
Mo0.5V0.5,1,SP-SS
Cr0.25Mo0.75,1,SP-SS
AlCrFeTiZn,1,SP-SS
Ir0.7W0.3,1,SP-SS
Ti0.25V0.75,1,SP-SS
Mo0.07Re0.93,1,SP-SS
Pt0.6V0.4,1,SP-SS
Pt0.1Re0.9,1,SP-SS
Ir0.5Pt0.5,1,SP-SS
Nb0.2Os0.8,1,SP-SS
Mo0.15Pd0.85,1,SP-SS
Re0.9W0.1,1,SP-SS
Os0.8Ta0.2,1,SP-SS
Ir0.5Mo0.5,1,SP-SS
V0.5W0.5,1,SP-SS
Fe0.15Pt0.85,1,SP-SS
Pd0.75Pt0.25,1,SP-SS
Pt0.25Re0.75,1,SP-SS
Ta0.25V0.75,1,SP-SS
Ir0.6W0.4,1,SP-SS
Al0.1Pd0.9,1,SP-SS
Al0.4V0.6,1,SP-SS
Mo0.3Pd0.7,1,SP-SS
Pt0.35Re0.65,1,SP-SS
Pt0.75Ru0.25,1,SP-SS
Pt0.75Rh0.25,1,SP-SS
Al0.5CrMoNbV,1,SP-SS
Pd0.5Pt0.5,1,SP-SS
Ir0.5W0.5,1,SP-SS
Mo0.75V0.25,1,SP-SS
Pt0.8V0.2,1,SP-SS
Mo0.5Pd0.5,1,SP-SS
Ir0.25Pt0.75,1,SP-SS
Mo0.7Tc0.3,1,SP-SS
Os0.2Pt0.8,1,SP-SS
Cr0.2W0.8,1,SP-SS
Pt0.7Re0.3,1,SP-SS
Pd0.25Pt0.75,1,SP-SS
Mo0.8Tc0.2,1,SP-SS
Pt0.8Re0.2,1,SP-SS
Os0.1Pt0.9,1,SP-SS
Au0.25Pd0.75,1,SP-SS
Ag0.25Pd0.75,1,SP-SS
Mo0.75Re0.25,1,SP-SS
Mo0.9Ru0.1,1,SP-SS
Pt0.9Re0.1,1,SP-SS
AlFeTi,1,SP-SS
Pt0.85Zn0.15,1,SP-SS
Mo0.9Tc0.1,1,SP-SS
V0.25W0.75,1,SP-SS
Ag0.9Mg0.1,1,SP-SS
Mo0.95Rh0.05,1,SP-SS
Mo0.9Re0.1,1,SP-SS
Mo0.95Os0.05,1,SP-SS
Ir0.05Mo0.95,1,SP-SS
Au0.7Fe0.3,1,SP-SS
Ru0.2W0.8,1,SP-SS
Cr1Mo1Nb1Re1Ta1V1W1,1,SP-SS
AlCrMoTi,1,SP-SS
Mo0.98Pd0.02,1,SP-SS
Au0.53V0.47,1,SP-SS
Al0.08Pt0.92,1,SP-SS
Al0.5CrMoNbTiV,1,SP-SS
Al1Cr1Mo1Ti1W1,1,SP-SS
Cr1Mo1Nb1Ta1V1W1,1,SP-SS
Mo0.75W0.25,1,SP-SS
Ru0.1W0.9,1,SP-SS
Au0.75Cu0.25,1,SP-SS
Mo0.5W0.5,1,SP-SS
Ti0.5V0.5,1,SP-SS
Be0.02W0.98,1,SP-SS
Al0.95Mg0.05,1,SP-SS
Au0.8Ni0.2,1,SP-SS
Mo0.25W0.75,1,SP-SS
Os0.05W0.95,1,SP-SS
Au0.5Pd0.5,1,SP-SS
Cr0.5MoNbTaVW,1,SP-SS
Al0.5CrMoNbTi,1,SP-SS
Ag0.5Pd0.5,1,SP-SS
Ta0.5V0.5,1,SP-SS
AlCrMoNbTi,1,SP-SS
Al0.1W0.9,1,SP-SS
Mo1Nb1Re1Ta1V1W1,1,SP-SS
Al1Cr0.5Nb1Ti1V1,1,SP-SS
Au0.8Cr0.2,1,SP-SS
Mo0.75Ti0.25,1,SP-SS
Tb0.5Th0.5,1,SP-SS
Au0.71V0.29,1,SP-SS
Al0.5CrNbTi2V0.5,1,SP-SS
Ag0.8Mn0.2,1,SP-SS
Mo0.75Nb0.25,1,SP-SS
Mo21.7Nb20.6Ta15.6V21W21.1,1,SP-SS
Mo0.75Ta0.25,1,SP-SS
Cd0.75Mg0.25,1,SP-SS
Au0.85Fe0.15,1,SP-SS
MoNbTiV,1,SP-SS
Mo1Nb1Re1Ta1Ti1V1W1,1,SP-SS
Al0.25MoNbTiV,1,SP-SS
Mo1Nb1Ta1V1W1,1,SP-SS
Al0.5MoNbTiV,1,SP-SS
Al0.2MoTaTiV,1,SP-SS
Al0.75MoNbTiV,1,SP-SS
Al0.6MoTaTiV,1,SP-SS
AlMoNbTiV,1,SP-SS
Al0.8Zn0.2,1,SP-SS
AlMoTaTiV,1,SP-SS
Ti0.25W0.75,1,SP-SS
Mo1Nb1Ta1V1,1,SP-SS
Au0.9Ni0.1,1,SP-SS
Nb0.25W0.75,1,SP-SS
Nb1Re1Ta1Ti1V1,1,SP-SS
Mo1Nb1Re1Ta1W1,1,SP-SS
Nb1Ta1V1W1,1,SP-SS
Ta0.25W0.75,1,SP-SS
Al0.9Zn0.1,1,SP-SS
Nb0.65Ru0.35,1,SP-SS
Mo1Nb1Ta1Ti1V1W1,1,SP-SS
Ag0.75Pd0.25,1,SP-SS
Al1Nb1Ti1V1,1,SP-SS
Au0.9Cr0.1,1,SP-SS
Au0.9Mn0.1,1,SP-SS
Ag0.7Zn0.3,1,SP-SS
Mo0.5Ti0.5,1,SP-SS
Pt0.85Zr0.15,1,SP-SS
Mo1Nb1Ta1Ti1V1,1,SP-SS
Ag0.9Mn0.1,1,SP-SS
Ti0.75V0.25,1,SP-SS
Au0.9V0.1,1,SP-SS
Nb0.6Re0.4,1,SP-SS
Nb1Ta1Ti1V1W1,1,SP-SS
Re0.4Ta0.6,1,SP-SS
Mo0.5Nb0.5,1,SP-SS
Ti0.5W0.5,1,SP-SS
Au0.85Pt0.15,1,SP-SS
Ag0.8Pt0.2,1,SP-SS
CrMoNbTaTiV1W1Zr,1,SP-SS
Ru0.2Ti0.8,1,SP-SS
Mo0.5Ta0.5,1,SP-SS
Mo25.6Nb22.7Ta24.4W27.3,1,SP-SS
Ag0.85Zn0.15,1,SP-SS
Au0.9Zn0.1,1,SP-SS
Al1Nb1Ta1Ti1V1,1,SP-SS
Al0.5NbTaTiV,1,SP-SS
Al0.95Li0.05,1,SP-SS
Al0.25NbTaTiV,1,SP-SS
Re0.25Ti0.75,1,SP-SS
Mo1Nb1Ta1W1,1,SP-SS
CrMoNbTaTiVZr,1,SP-SS
MoNbTaTi0.25W,1,SP-SS
AlMoNbTi,1,SP-SS
Ag0.9Pt0.1,1,SP-SS
Nb0.5W0.5,1,SP-SS
MoNbTaTi0.5W,1,SP-SS
MoNbTaTi0.75W,1,SP-SS
Ta0.5W0.5,1,SP-SS
Rh0.15Ti0.85,1,SP-SS
MoNbTaTiW,1,SP-SS
Ag0.25Au0.75,1,SP-SS
Ta0.75V0.25,1,SP-SS
Ag0.5Au0.5,1,SP-SS
Ag0.90Al0.10,1,SP-SS
Au0.95Ta0.05,1,SP-SS
Os0.15Ti0.85,1,SP-SS
Ag0.75Au0.25,1,SP-SS
Mo0.25Ti0.75,1,SP-SS
Au0.9Nb0.1,1,SP-SS
Nd0.5Th0.5,1,SP-SS
Ti0.75W0.25,1,SP-SS
Nb0.75Re0.25,1,SP-SS
Ru0.1Ti0.9,1,SP-SS
Ru0.2Ta0.8,1,SP-SS
Re0.1Ti0.9,1,SP-SS
Nb0.8Pd0.2,1,SP-SS
Mo0.25Nb0.75,1,SP-SS
Al0.2Ti0.8,1,SP-SS
Cr0.1Nb0.9,1,SP-SS
Re0.2Ta0.8,1,SP-SS
Ir0.05Ti0.95,1,SP-SS
Mo0.25Ta0.75,1,SP-SS
Nb0.75W0.25,1,SP-SS
U0.25Zr0.75,1,SP-SS
Th0.25Zr0.75,1,SP-SS
Os0.15Ta0.85,1,SP-SS
Al0.1Ti0.9,1,SP-SS
Ta0.75W0.25,1,SP-SS
Nb0.9Ru0.1,1,SP-SS
Au0.05Ti0.95,1,SP-SS
Nb0.9Rh0.1,1,SP-SS
Nb0.9Os0.1,1,SP-SS
Mo1Nb1Ti1V1Zr1,1,SP-SS
Ru0.1Ta0.9,1,SP-SS
Pr0.5Th0.5,1,SP-SS
Rh0.1Ta0.9,1,SP-SS
Nb0.9Pd0.1,1,SP-SS
Nb0.9Re0.1,1,SP-SS
Au0.85Li0.15,1,SP-SS
Nb0.25Ti0.75,1,SP-SS
MoNbTaTiVZr,1,SP-SS
Ta0.25Ti0.75,1,SP-SS
Re0.1Ta0.9,1,SP-SS
Mo0.7NbTiVZr,1,SP-SS
Nb0.5Ti0.5,1,SP-SS
Cr0.05Ta0.95,1,SP-SS
Ir0.05Nb0.95,1,SP-SS
MoNbTiV0.75Zr,1,SP-SS
Ta0.5Ti0.5,1,SP-SS
Mo0.5NbTiVZr,1,SP-SS
Nb0.75Ti0.25,1,SP-SS
Au0.1Nb0.9,1,SP-SS
Ga0.15Ti0.85,1,SP-SS
Ir0.05Ta0.95,1,SP-SS
Ta0.75Ti0.25,1,SP-SS
Mo1.5NbTiV0.3Zr,1,SP-SS
Ag0.8Li0.2,1,SP-SS
Mo0.3NbTiVZr,1,SP-SS
Ag0.8Cd0.2,1,SP-SS
Nb0.75Ta0.25,1,SP-SS
Au0.05Ta0.95,1,SP-SS
Nb0.5Ta0.5,1,SP-SS
MoNbTiV0.5Zr,1,SP-SS
Nb0.25Ta0.75,1,SP-SS
HfMo0.5NbTiV0.5,1,SP-SS
Al1Nb1.5Ta0.5Ti1.5Zr0.5,1,SP-SS
NbTaTiVZr,1,SP-SS
Nb1Ti1V1Zr1,1,SP-SS
Li0.85Mg0.15,1,SP-SS
HfMoNbTaTi,1,SP-SS
Ag0.85In0.15,1,SP-SS
Mo0.7NbTiV0.3Zr,1,SP-SS
Mo0.5NbTiV0.3Zr,1,SP-SS
Ag0.65Cd0.35,1,SP-SS
Sc0.75Th0.25,1,SP-SS
Hf0.25Ti0.75,1,SP-SS
Mo0.3NbTiV0.3Zr,1,SP-SS
Hf1Nb1Ta1Ti1V1Zr1,1,SP-SS
Ag0.6Li0.4,1,SP-SS
Mo0.1NbTiV0.3Zr,1,SP-SS
Hf1Nb1Ti1V1Zr1,1,SP-SS
Ti0.75Zr0.25,1,SP-SS
Al0.3Nb1Ta0.8Ti1.4V0.2Zr1.3,1,SP-SS
HfNb3Ta3TiZr,1,SP-SS
Hf0.25Nb0.75,1,SP-SS
NbTiV0.3Zr,1,SP-SS
HfMoNbTaTiZr,1,SP-SS
Hf0.25Ta0.75,1,SP-SS
NbTaTiZr,1,SP-SS
HfMo0.75NbTaTiZr,1,SP-SS
HfMo0.2Ti2V0.5Zr,1,SP-SS
Nb0.75Zr0.25,1,SP-SS
Hf1Mo1Nb1Ti1Zr1,1,SP-SS
HfMoTaTiZr,1,SP-SS
Ta0.75Zr0.25,1,SP-SS
Al0.4Hf0.6Nb1Ta1Ti1Zr1,1,SP-SS
HfMoNbTaZr,1,SP-SS
Hf0.5Mo0.5NbTiZr,1,SP-SS
Sc0.25Ti0.75,1,SP-SS
HfMo0.5NbTaTiZr,1,SP-SS
Al0.5HfNbTaTiZr,1,SP-SS
NbTiZr,1,SP-SS
HfMo0.25NbTaTiZr,1,SP-SS
Al0.3HfNbTaTiZr,1,SP-SS
HfNb0.5TiV0.5Zr,1,SP-SS
Hf0.75NbTa0.5Ti1.5Zr1.25,1,SP-SS
Hf1Nb1Ta1Ti1Zr1,1,SP-SS
Hf0.5Ti0.5,1,SP-SS
CrTiVYZr,1,SP-SS
Hf0.5Nb0.5,1,SP-SS
Hf0.5Ta0.5,1,SP-SS
Hf1Nb1Ti1Zr1,1,SP-SS
HfNb0.5Ta0.5TiZr,1,SP-SS
HfTaTiZr,1,SP-SS
Hf0.8Nb0.31Ta0.31Ti0.18Zr0.13,1,SP-SS
Hf1Nb1Ta1Zr1,1,SP-SS
Ti0.5Zr0.5,1,SP-SS
Ti0.5Zr0.5,1,SP-SS
HfNb0.18Ta0.18Ti1.27Zr,1,SP-SS
Nb0.5Zr0.5,1,SP-SS
Ta0.5Zr0.5,1,SP-SS
Hf0.75Ti0.25,1,SP-SS
HfNbZr,1,SP-SS
Hf0.75Nb0.25,1,SP-SS
Hf0.75Ta0.25,1,SP-SS
Sc0.5Ti0.5,1,SP-SS
Al0.1Hf0.9,1,SP-SS
Ti0.25Zr0.75,1,SP-SS
Nb0.25Zr0.75,1,SP-SS
Ta0.25Zr0.75,1,SP-SS
V0.1Zr0.9,1,SP-SS
Hf0.75Zr0.25,1,SP-SS
Au0.1Zr0.9,1,SP-SS
Hf0.5Zr0.5,1,SP-SS
Hf0.75Sc0.25,1,SP-SS
Ag0.05Zr0.95,1,SP-SS
Hf0.25Zr0.75,1,SP-SS
Sc0.75Ti0.25,1,SP-SS
Sc0.2Zr0.8,1,SP-SS
Hf0.5Sc0.5,1,SP-SS
Sc0.25Zr0.75,1,SP-SS
Sc0.4Zr0.6,1,SP-SS
Tb0.75Th0.25,1,SP-SS
Sc0.5Zr0.5,1,SP-SS
Hf0.25Sc0.75,1,SP-SS
Sc0.75Zr0.25,1,SP-SS
Al0.03Sc0.97,1,SP-SS
Nd0.75Th0.25,1,SP-SS
Pr0.75Th0.25,1,SP-SS
Sc0.75Y0.25,1,SP-SS
Sc0.5Y0.5,1,SP-SS
Pb0.25Tl0.75,1,SP-SS
Pb0.5Tl0.5,1,SP-SS
PbSeSnTe,1,SP-SS
La0.04Pb0.96SeSnTe,1,SP-SS
La0.06Pb0.94SeSnTe,1,SP-SS
La0.08Pb0.92SeSnTe,1,SP-SS
La0.1Pb0.9SeSnTe,1,SP-SS
Pb0.75Tl0.25,1,SP-SS
Tb0.25Tm0.75,1,SP-SS
Sc0.25Y0.75,1,SP-SS
Tb0.5Tm0.5,1,SP-SS
Dy1Gd1Lu1Tb1Tm1,1,SP-SS
DyGdHoLuTb,1,SP-SS
Tb0.75Tm0.25,1,SP-SS
Dy1Gd1Lu1Tb1Y1,1,SP-SS
Dy1Gd1Ho1Tb1Y1,1,SP-SS
Tb0.75Y0.25,1,SP-SS
Tb0.5Y0.5,1,SP-SS
Tb0.25Y0.75,1,SP-SS
Sm0.25Y0.75,1,SP-SS
Gd1Ho1La1Tb1Y1,1,SP-SS
Sm0.5Y0.5,1,SP-SS
Sm0.75Y0.25,1,SP-SS
Ca0.85Yb0.15,1,SP-SS
Ca0.7Yb0.3,1,SP-SS
Ca0.5Yb0.5,1,SP-SS
Ca0.25Yb0.75,1,SP-SS
Ca0.75Sr0.25,1,SP-SS
Ba0.25Ca0.75,1,SP-SS
Ba0.25Yb0.75,1,SP-SS
Ca0.5Sr0.5,1,SP-SS
Ca0.25Sr0.75,1,SP-SS
Ba0.25Eu0.75,1,SP-SS
Ba0.5Ca0.5,1,SP-SS
Ba0.5Yb0.5,1,SP-SS
Ba0.5Eu0.5,1,SP-SS
Ba0.25Sr0.75,1,SP-SS
Ba0.75Ca0.25,1,SP-SS
Ba0.75Yb0.25,1,SP-SS
Ba0.5Sr0.5,1,SP-SS
Ba0.75Eu0.25,1,SP-SS
Ba0.75Sr0.25,1,SP-SS
Cs0.25Rb0.75,1,SP-SS
Cs0.5Rb0.5,1,SP-SS
Cs0.75Rb0.25,1,SP-SS
